1,นี้,นั้น,หนึ่ง,ตาม,แรก,ใหม่,หลาย,บาง,ประกอบ,อื่น,ดัง,ทุก,เดียว,เฉพาะ,สุด,ทั่วไป,ต่างๆ,เดียวกัน,แต่ละ,สุดท้าย,พิเศษ,อื่นๆ,เริ่มต้น,ถัด,บ่อย,สามัญ,หลายๆ,นั้นๆ,เริ่มแรก,ทุกๆ,แรกๆ,สั้นๆ,ใหม่ๆ,นึง,ต่อๆ,หนึ่งๆ,ก่อนๆ
2,งาน,ดารา,รายการ,ยอด,โทรทัศน์,ฉาย,ค่าย,วงการ,ทีวี,ยอดเยี่ยม,เวที,ประกวด,วิดีโอ,ส่วนตัว,แฟน,สด,เดี่ยว,บันเทิง,โชว์,มาส,โด่งดัง,พิธีกร,สตูดิโอ,วสิก,ลูกทุ่ง,ทัวร์,ร็อก,ออสการ์,ฮิต,คลับ,สื่อมวลชน,นางแบบ,โปรดิวเซอร์,ฟอร์ม,แฟชั่น,นางเอก,ป็อป,พระเอก,แผ่นเสียง,เมทัล,นักสืบ,นักข่าว,เคส,นำแสดง,มิวสิค,โมเดิร์น,วงใน,แวดวง,ตระเวน,ต้นสังกัด,แจ็กสัน,โปรเจกต์,โจทย์,คาราบาว,ดีเจ,แจ๊ส,ป๊อป,มอร์นิงมุซุ,ผู้สื่อข่าว,ลูกโลก,เบิร์ด,มหกรรม,เกิร์ล,นายแบบ,ฮอลลีวูด,แฟนๆ,ฮิปฮอป,แร็ป,ไอดอล,ปฐมทัศน์,เฮาส์,อวอร์ด,โปรโมต,ธีม,เรียลลิตี้,ออดิชั่น,วาไรตี้,คินพาร์ก,อำลา,ซิมโฟนี,แอ็คชั่น,ยแบนด์,โปรโมท,ชาร์ท,ขวัญใจ,เฮฟวี,หมอลำ,มายากล,สวิฟต์,เรตติ้ง,สังเวียน,เดโม,แอนิเมชั่น,เดินสาย,เซนเตอร์,ผับ,ฮอลลีวู้ด,คัฟ,บรอดเวย์,สามช่า,คาราโอเกะ,โปสเตอร์,โอเปร่า,โปรโมชั่น,บิวต์,กามิกาเซ่,อาฟเตอร์,เติ้ล,พรีเซ็นเตอร์,โยธวาทิต,เทสต์
3,ลง,เอา,ข้าม,ขับ,ตัด,ยิง,กัด,ลอย,กด,ว่าย,หัก,อัด,ลาก,กระโดด,เจาะ,หลุด,ฝ่า,ชัก,พุ่ง,ผ่า,ขี่,เป่า,ทะลุ,โยน,แทง,คว่ำ,พาย,โผล่,ตรึง,หยิบ,ปีน,พลาด,เล่นงาน,ขยับ,กาง,ปั่น,อุ้ม,ไต่,แบก,ตบ,กระแทก,ปัด,แตะ,ดีด,เหยียบ,ร่อน,ขว้าง,ต่อย,ทุ่ม,ผลัก,ซัด,ทุบ,เสียบ,เหาะ,ลั่น,เคาะ,หล่น,ฟาด,เหวี่ยง,สลบ,กีดขวาง,คลาน,ร่น,กลิ้ง,กรีด,สาด,กระเด็น,ถีบ,ฉุด,เฉือน,ก้ม,งัด,โยก,ปลิว,กระทืบ,ทะลวง,กระชาก,ควัก,งับ,กระโจน
4,ผู้,จอห์น,หลุยส์,คริสเตียน,เจมส์,เอ็ดเวิร์ด,จอร์จ,เฮนรี,ปีเตอร์,วิลเลียม,เอลิซาเบธ,ชาร์ลส์,วิกตอเรีย,โนเบล,แอนน์,ฟรานซิส,ไมเคิล,ชาลส์,ริชาร์ด,อเล็กซานเดอร์,ฟิลิป,เดวิด,ตากสิน,ดริช,โรเบิร์ต,ชาร์ล,มาร์ติน,อโศก,ลูกเธอ,ทเธอรีน,โกศล,เปด,ชด,โจเซฟ,โมเสส,นิโคลัส,เฟอร์ดินานด์,ยอร์ค,ชาห์,อัลเฟรด,คาเบรียล,วินด์,นูเอล,สแตนติน,อับราฮัม,ฟรองซัวส์,เปโตร,เฟรเดอริค,เลเนอร์,ลูกยาเธอ,ดรูว์,โรลด์,มาร์กาเร็ต,ฌู,คริสโตเฟอร์,เฟรเดอ,วิลเฮล์ม,ชาร์เลอมาญ,วาร์ด,พิมพิสาร,เลโอโปลด์,มันด์,ฟิลลิป,ตะเบ็ง,นันทบุเรง,นุต,เฮนรี่,ฟร็องซัว
5,เจ้า,พระองค์,พระเจ้า,กษัตริย์,จักรพรรดิ,ราชวงศ์,โอรส,ธิดา,พระนาง,ชนม์,ราชินี,ราชา,สันตะปาปา,ราชินีนาถ,มเหสี,ชนมายุ,เชษฐา,อนุชา,อิสริยยศ,สวามี,สังฆราช,บรมวงศานุวงศ์,นโรดม,ขนิษฐา,ราชบุตร,อัครมเหสี,ปิตุลา,อัยกา
6,สู่,ชิง,ตี,แผ่,ทำลาย,โจมตี,ยึด,ต่อต้าน,ล้อม,บุก,ปลดปล่อย,กำจัด,ล้ม,รุกราน,ยึดครอง,ปกป้อง,ปราบ,ครอบครอง,กู้,ปราบปราม,โค่น,พิชิต,กวาด,ผนวก,ระดม,ปล้น,กลืน,แย่งชิง,แย่ง,แทรกแซง,ต้อน,ครอบงำ,กอบ,บุกรุก,แทรกซึม
8,ชม,เฝ้า,พัก,ประทับ,ท่องเที่ยว,เที่ยว,เยี่ยม,ถ่ายทำ,พำนัก,แขก,เยือน,นักท่องเที่ยว,พักผ่อน,ต้อนรับ,นิทรรศการ,ประพาส,ทิวทัศน์,แวะ,สังสรรค์,เยี่ยมเยียน
9,อยู่,บ้าน,แก้ว,หนอง,แสน,เพชร,บัว,เล็กๆ,ดง,กระ,พนม,เวียง,ผา,มูล,สิงห์,ซอย,ชุม,ไทร,ที่ว่าการ,พาน,โคก,บางกอก,โนน,กำ,ไพร,ลัด,คุ้ม,ซอก,ตุง,วิทยาคม,ตอง,สำราญ,ลุมพินี,เกร็ด,ปากน้ำ,สง,สังข์,ปิง,พะ,กำนัน,กู่,แก่ง,พง,สมอ,ยิม,พลู,ล้น,สุเทพ,ภูมิลำเนา,พิทยาคม,ดอนเมือง,เสมา,แคว,กุด,คงคา,หวาย,ควน,งิ้ว,จิตรลดา,อ่างเก็บน้ำ,เตย,สุขุมวิท,ชุมทาง,ใกล้ๆ,เกศ,พญาไท,ลำโพง,มิ่ง,ขาม,ไห,สามแยก,สัช,ชายทะเล,โพน,เขน,สำโรง,โมง,แวง,สายน้ำ,ชำ,เหว,คูน,หว้า,วัสสา,ตูม,เสาธง,คับแคบ,ปรัก,สมิง,จำปา,เขิน,คะนอง,หลักเมือง,มาลัย,โมก,เชี่ยว,สาทร,เยื้อง,ไส,อ้อ,เพลิน,ย้อย,อัมพร,ค้อ,เรียงราย,วังหน้า,ประดู่,มหาชัย,ฝาย,ประชาบาล,พัทธสีมา,เรือสำเภา,ตาด,สาละวิน,ตะเคียน,พิมาย,ลาดพร้าว,หล่ม,ซุง,เพ็ง,พุด,เหลา,ฉบัง,พิง,แม่เจ้า,ห่า,สวาย,สุม,เกย,ยวน,ตระการ,ปักหลัก,กาญจน์,ชิงช้า,สินธุ,โตน,แจ่ม,ฆ้อง,ตรอก,แจ้,แยงซี,เอื้อง,พิกุล,เยาวราช,รัชดาภิเษก,บั้งไฟ,เทิง,สีลม,รีสอร์ท,แขม,สะแก,วัฒนะ,ชายคา,ใต้ถุน,รื่น,ทุรกันดาร,บางปะกง,ถลุง,พนัง,พลับ,คหบดี,ญะ,พักแรม,น้ำป่า,สายไหม,ธัญบุรี,งำ,เอราวัณ,ตลาดสด,วิทยาคาร,ปาย,จก,เชตุพนวิมลมัง,อินทนนท์,แต้,ตะโก,ลำดวน,ราชพฤกษ์,กระทุ่ม,วนอุทยาน,แคบๆ,ทไธ,ตลาดนัด,เข้,นิวาส,สุทัศน์,สอย,นรสิงห์,แพรก,มะเดื่อ,จตุจักร,ลีลาศ,คดเคี้ยว,ลูกรัง,กุ่ม,ป่าดง,ร้าว,เรือก,อาศรม,ป่าช้า,กระดึง,สำเภา,ถัมภ์,โข่ง,สราญ,ม่วน,ธิวาส,แก้ง,ตาเมือน,ซำ,เทพารักษ์,บรรพต,วัดหลวง,คต,ร่องน้ำ,ไว้หน้า,มฤคทายวัน,บางระจัน,หาว,ด้วน,สันเขา,ลับแล,เอ่อ,เวฬุวัน,ขื่อ,แสลง,ปราณ,สุเอซ,ทะลัก,ป้อ,สะเดา,ตะบูน,เคหะ,สาละ,ดู่,ดิษฐ์,สารนาถ,สัตหีบ,วังสะ,ขอน,อุเทน,รายทาง,เพีย,แผ้ว
10,กรรมการ,เทคโนโลยี,แพทย์,ศาสตร์,พยาบาล,วิศวกรรม,ศาสตราจารย์,วิทยาการ,แพทยศาสตร์,วิทยาเขต,ผู้เชี่ยวชาญ,มนตรี,วิศวกร,กรรมาธิการ,รัฐศาสตร์,นิติศาสตร์,คณบดี,วิศวกรรมศาสตร์,สังคมศาสตร์,เภสัชกรรม,คณาจารย์,เภสัชศาสตร์,มนุษยศาสตร์,เภสัช,อักษรศาสตร์,เวชศาสตร์,ศิลปศาสตร์,ภราดา,สถาปัตยกรรมศาสตร์,นิเทศศาสตร์,รัฐประศาสนศาสตร์,สังคมสงเคราะห์,ศึกษาศาสตร์,อนุกรรมการ,วิทยากร,สัตวแพทย์,โอสถ,ราชบัณฑิต,วารสารศาสตร์,พาณิชยศาสตร์,ครุศาสตร์,วิจิตรศิลป์,ละครสัตว์,นิติเวช,ทันตแพทยศาสตร์
11,ข้อ,กฎหมาย,สิทธิ,สัญญา,อย่างไร,รัฐธรรมนูญ,กฎ,สนธิสัญญา,มติ,ความเห็น,เงื่อนไข,วาระ,ธรรมเนียม,มาตรา,หลักเกณฑ์,กติกา,มาตรการ,ประชามติ,อนุสัญญา,กฎเกณฑ์,ธรรมนูญ,บทบัญญัติ,กฎบัตร,กฏ,ปฏิญญา,พิธีสาร
12,โต,อิน,แมน,เซอร์,คอน,เปอร์,เซนต์,แพ,ไว,อม,แซ,คอร์,ฟรี,สติ,แช,ลอง,โปร,คลี,ซี่,ตริ,ฟอร์ด,เบน,วิก,คาส,แมค,ล็อก,แร,มินิ,กี้,ดัก,แวน,ปอ,แลน,แรม,ผลิ,พาร์,แอก,ดาวน์,โก้,วิลล์,ซิก,สตี,แมก,ทอม,ซิม,เทค,กรุ,แลง,มาร์ค,ติง,สอ,ร้า,กรีน,เพล,แป,มาร์ก,รีม,มิค,สเปก,ดิก,แคม,เจล,แบล็ค,มูน,เอม,เบิร์น,ทวิ,ควีน,แจ,เวิร์ด,โฟน,โหน,เมกะ,พาลา,สวา,เป้,บู๊,โม่,วอลล์,โตก,มาร์ต,กาแล,รัว,ไบโอ,พาส,กิก,ล็อต,ต้อ,กรู,แคร์,เก้,วอเตอร์,ไฟต์,เจ๊,ไพล,ตรู,เลเยอร์,ฟิวเจอร์,องก์,ลูเซีย,วู้,แบด,เกาต์,บัตเตอร์,วาก,เมาท์,คอนโทรล,รติ,อริน,วอด,ลออ,ฟอร์เวิร์ด,โว่,ตรอง,สเปค,อาด,กุ๊ก
14,ไทย,จีน,อินเดีย,กัมพูชา,ออสเตรเลีย,อินโดนีเซีย,ฟิลิปปินส์,มาเลเซีย,แคนาดา,ฮ่องกง,สิงคโปร์,ไต้หวัน,มาลา,สหรัฐฯ,ปากีสถาน,เช็ก,เพื่อนบ้าน,เนปาล,นิวซีแลนด์,อัฟกานิสถาน,สวิตเซอร์แลนด์,อาร์เจนตินา,ตองกา,ชิลี,ฮาวาย,มาลี,ศรีลังกา,อาระเบีย,จอร์เจีย,กินี,เปรู,โซมาเลีย,บรูไน,มองโกเลีย,ติมอร์,ซาอุ,จอร์แดน,ลิเบีย,เลบานอน,ไอซ์แลนด์,ซูดาน,เวเนซุเอลา,บังกลาเทศ,ลิทัวเนีย,พลัดถิ่น,คองโก,อาเซอร์ไบจาน,เบงกอล,ไซปรัส,ปานามา,ซีริลลิก,แอลจีเรีย,โมนาโก,โคลอมเบีย,กานา,ฮินดี,อัสสัม,โมร็อกโก,คาซัคสถาน,เคนยา,ภูฏาน,เยเมน,ซามัว,มาซิโดเนีย,ยูกันดา,พฤตินัย,ไนจีเรีย,ฟิจิ,กาตาร์,คูเวต,เฮติ,ตรินิแดด,มอลตา,ลัตเวีย,ซาราวัก,เอสโตเนีย,แทนซาเนีย,โอมาน,ปัญจาบ,อุรุกวัย,เชโกสโล,เปอร์โตริโก,โตเบโก,เฮอร์เซโกวีนา,อุซเบกิสถาน,นาอูรู,มอนเตเนโกร,โบลิเวีย,บาห์เรน,อรัญ,โดมินิกัน,มัลดีฟส์,สก็อตแลนด์,ปาปัวนิวกินี,จาเมกา,สโลวีเนีย,ซิมบับเว,อันดอร์รา,ตูนิเซีย,แคเมอรูน,เอกวาดอร์,ปารากวัย,ลิกเตนสไตน์,เซเนกัล,มอลโดวา,คอโมโรส,กัวเตมาลา,ฮอนดูรัส,ทาจิกิสถาน,สโลวัก,คอสตาริกา,โมซัมบิก,กายอานา,ไลบีเรีย,แองโกลา,มอริเชียส
15,เหล่า,อำนาจ,ตน,ตนเอง,ล้าง,ระบอบ,แลก,จอมพล,เจได,ฮิตเลอร์,นโปเลียน,เผด็จการ,เมจิ,สตาลิน,เบ็ดเสร็จ,ซัดดัม,พัลพาทีน,สมุหนายก
16,เชียงใหม่,แพร่,นครราชสีมา,สงขลา,บุรี,ตาก,น่าน,นครศรีธรรมราช,พิษณุโลก,เพชรบุรี,เชียงราย,อุตรดิตถ์,สุรินทร์,ลำปาง,ขอนแก่น,ลพบุรี,อุบลราชธานี,ภูเก็ต,นราธิวาส,ชลบุรี,นนทบุรี,ปัตตานี,นครสวรรค์,จันทบุรี,ศรีสะเกษ,ตรัง,ขันธ์,ราชบุรี,ลำพูน,สุพรรณบุรี,ชุมพร,พะเยา,ไชยา,สุราษฎร์ธานี,บุรีรัมย์,ชัยภูมิ,นครปฐม,มหาสารคาม,พัทลุง,อุดรธานี,สมุทรปราการ,หนองคาย,ร้อยเอ็ด,สกลนคร,ระยอง,พิจิตร,กาญจนบุรี,กำแพงเพชร,ปทุมธานี,สระบุรี,ศาลากลาง,กาฬสินธุ์,นครพนม,ชัยนาท,ตราด,เพชรบูรณ์,สระแก้ว,ยะลา,สตูล,ฉะเชิงเทรา,สมุทรสาคร,อ่างทอง,สมุทรสงคราม,แม่ฮ่องสอน,นครนายก,ปราจีนบุรี,อำนาจเจริญ,ระนอง,พังงา,ประจวบคีรีขันธ์,ยโสธร,มุกดาหาร,พระตะบอง,สิงห์บุรี,อุทัยธานี,บึงกาฬ,หนองบัวลำภู,คานส์
17,แห่ง,อดีต,กรุง,เมืองหลวง,เครือ,งานการ,นิวยอร์ก,ชาน,ลอส,เทศ,ปริมณฑล,แคลิฟอร์เนีย,เซาท์,เมือ,ฟลอเรนซ์,นอร์ท,อาสน,ชิคาโก,มิลาน,เซี่ยงไฮ้,เวนิส,พัทยา,หอสมุด,ศิริราช,มิวนิก,ลัมเบีย,มล,เคมบริดจ์,นาซา,บูร์ก,ฟีลด์,ฟลอริดา,เอะโดะ,ย่างกุ้ง,กัวลาลัมเปอร์,สเบิร์ก,เวอร์จิเนีย,วาติกัน,แวร์ซาย,แซ็ง,เนเปิลส์,โซเฟีย,นสเตอร์,อ๊อกซ,ช็อน,กลาส,บอสตัน,ประจำเมือง,เคาน์,สำมะโน,ปีนัง,โฮจิมินห์,ซิดนีย์,มะละกา,แมสซาชูเซตส์,เทศาภิบาล,อิมพีเรียล,ยอร์ก,ฮับส์บูร์ก,มิชิแกน,ซาบาห์,กุสินารา,ฮอลแลนด์,นอต,โจ้,แมนฮัตตัน,แอตแลนตา,เทกซัส,โลญ,รีสอร์ต,เท็กซัส,แคโรไลนา,ออริกอน,เซิน,มัณฑะเลย์,ควิเบก,ธม,เอดินบะระ,ตึกระฟ้า,อสเตอร์,ดูไบ,รีโอเดจาเนโร,เพนซิลเวเนีย,คุชราต,เมลเบิร์น,มิสซิสซิปปี,ควีนส์,กลันตัน,โกว์,เครือรัฐ,อิลลินอยส์,นแท,ดีทรอยต์,ลาสเวกัส,อิสตันบูล,เว้,ชเลส,สต็อก,ฟิลาเดลเฟีย,สจวต,เลสเตอร์,แอนต์เวิร์ป,แคนซัส,ซัปโปะโระ,โอไฮโอ,เประ,ลิงคอล์น,เคียฟ,ซุโอะ,เวสเทิร์น,โทรอนโต,ซูริก,ซีอาน,ไอโอวา,โคโลราโด,เคนต์,พาราณสี,ทรีออล,ไครสต์เชิร์ช,เฮสส์,พิหาร
18,ใช้,ทำ,หา,ทำงาน,ค้น,รักษา,สังเกตการณ์,เก็บ,ตรวจ,บันทึก,ปฏิบัติ,ถ่าย,พิจารณา,สังเกต,ทดลอง,เคลื่อนที่,สำรวจ,วิเคราะห์,แก้ไข,เคลื่อนไหว,รวบรวม,ตรวจสอบ,สื่อสาร,ทดสอบ,ประเมิน,คำนวณ,เรียนรู้,ถ่ายทอด,อ้างอิง,เข้าถึง,ประมวล,จำแนก,วินิจฉัย,แลกเปลี่ยน,บรรลุ,พยากรณ์,อภิปราย,แยกแยะ,ทบทวน,สอบถาม,ชันสูตร,สืบค้น
19,ชื่อ,ภาษา,คำ,นาม,ลำดับ,ความหมาย,หลักฐาน,คัมภีร์,ศัพท์,สำเนียง,ทำนอง,ปฏิทิน,ตำรา,โหราศาสตร์,นามสกุล,ประโยค,เนื้อร้อง,วลี,ชาติพันธุ์,เนื้อเพลง,พจนานุกรม,แบบแผน,สำนวน,กริยา,ไวยากรณ์,รากศัพท์,สารานุกรม,ทับศัพท์,ถ้อยคำ,คันจิ,นามปากกา,บทร้อง,ราชบัณฑิตยสถาน,ศักราช,ใจความ,เนื้อความ,จันทรคติ,ราชทินนาม,สรรพนาม,ข้อเขียน
20,สามารถ,สำคัญ,นิยม,ต้องการ,เจริญ,เร็ว,จำเป็น,ยาก,หนาแน่น,จำกัด,หลากหลาย,เหมาะสม,เสียหาย,ประสิทธิภาพ,ปลอดภัย,ก้าวหน้า,สะดวก,เสี่ยง,มั่นคง,ซับซ้อน,ถี่,เพียงพอ,จุ,แข็งแรง,แข็งแกร่ง,สะอาด,ทันสมัย,เข้มข้น,แม่นยำ,สมดุล,เสถียร,ชำนาญ,เชี่ยวชาญ,เป็นอยู่,เข้มแข็ง,เสถียรภาพ,มั่งคั่ง,ยืดหยุ่น,คล่องตัว,คงทน
21,ลอนดอน,ปารีส,ธนบุรี,โตเกียว,โรม,เกีย,โซล,เบอร์ลิน,ปักกิ่ง,แตน,วอชิงตัน,เวียนนา,มอสโก,มาดริด,เปิล,เลม,พนมเปญ,เอเธนส์,ละแวก,เจนีวา,บรัสเซลส์,อัมสเตอร์ดัม,อังวะ,ทรอย,ลิสบอน,จาการ์ตา,ฮานอย,ไทเป,ไซ่ง่อน,วอร์ซอ,เปียงยาง,ไคโร,มะนิลา,ราชคฤห์,โคเปนเฮเกน,แบกแดด,อโยธยา,สไอเรส,ลงกา,กบิลพัสดุ์,ออสโล,สตอกโฮล์ม,เตหะราน,เบลเกรด,สาวัตถี,บูดาเปสต์
22,แข่งขัน,เล่น,ทีม,กีฬา,ฟุตบอล,ชนะ,แชมป์,โอลิมปิก,สนาม,สโมสร,แพ้,ประตู,คะแนน,ลีก,เหรียญ,คว้า,นัด,ชนะเลิศ,วอลเลย์บอล,แข่ง,เกมส์,สถิติ,นักกีฬา,บอล,เตะ,ถ้วย,พรีเมียร์,เจ้าภาพ,ปล้ำ,ฝึกสอน,เต็ด,คู่แข่ง,แมนเชสเตอร์,แมตช์,ซ้อม,ฟุต,ลิเวอร์พูล,คัพ,เทควันโด,เชียร์,เทนนิส,เหย้า,อาร์เซนอล,โค้ช,หมากรุก,บาสเกตบอล,กองกลาง,กอล์ฟ,พนัน,เชลซี,กรีฑา,ดิวิชั่น,แข้ง,มเปียน,กระชับ,มเปียนส์,ฟ่า,แชมเปี้ยน,ดิวิ,ดาวรุ่ง,แบดมินตัน,ฟ่าแชมเปียนส์,ฟันดาบ,สนุกเกอร์,ยูโด,เรอัล,นเดส,รักบี้,ทัวร์นาเมนต์,ฮอกกี้,สเกต,สเก็ต,ประเดิม,นคัพ,ล๊าส,ฝีเท้า,ตท,ตะกร้อ,เล่นตัว
23,ภาพ,ศิลปะ,สถาปัตยกรรม,ช่าง,จิตรกร,จิตรกรรม,ศิลป์,สถาปนิก,คลาสสิก,ประติมากรรม,เรอ,วิจิตร,ภูมิทัศน์,วัจโจ,ศิลปวิทยา,ศิลปกรรม,เนซองส์,ทิก,สีน้ำมัน,ราฟาเอล,เนสก์,ภาพประกอบ,หัวเรื่อง,ชิ้นเอก,เจนท์,รือเบินส์,ธิค,ประติมากร,ทิเชียน,นิสม์,อป
24,ศึกษา,โรงเรียน,มหาวิทยาลัย,เรียน,วิชา,สอน,สถาบัน,อาชีพ,ครู,นักเรียน,วิทยาลัย,ปริญญา,อาจารย์,มัธยมศึกษา,หลักสูตร,ฝึก,โรงพยาบาล,นักศึกษา,บัณฑิต,เยาวชน,สอบ,มัธยม,ประถม,อุดมศึกษา,อบรม,วิชาชีพ,ฝึกฝน,นิสิต,ชมรม,ฝึกหัด,อนุบาล,ประกาศนียบัตร,ปริยัติ,เล่าเรียน,ทยศาสตร,ดุษฎีบัณฑิต,อาชีวศึกษา,ปริญญาบัตร,นักธรรม,ฝึกงาน,สอบไล่,เนติบัณฑิต,มหาบัณฑิต,เกียรตินิยม,ไฮสคูล,ร่ำเรียน,อนุปริญญา,กวด
25,หญิง,อายุ,เด็ก,เพศ,วัย,สตรี,หนุ่ม,ผู้หญิง,ธรรมดา,ผู้ใหญ่,ผู้ชาย,เยาว์,วัยรุ่น,ลึกลับ,เก่ง,ขี้,สุภาพ,ชรา,หัด,เด็กๆ,กำพร้า,ตาบ,เปลือย,เกย์,อัจฉริยะ,ขวบ,ชู้,ร่วมเพศ,ประเวณี,ลูกครึ่ง,สาวน้อย,ลิเก,คู่รัก,เฉลียว,โสเภณี,ลามก,โป๊,รวย,โสด,แม่บ้าน,ทารุณกรรม,ผอม,แกร่ง,ซน,เซ็กซี่,ผู้ดี,อนาจาร,พรหมจรรย์,หนวก,เจ้าชู้,ม่าย,ฉกรรจ์,พเนจร,กะเทย,ไฮโซ,ชู้สาว,บ้านนอก,กลางคน,เดียงสา
28,ตำแหน่ง,คณะ,นาย,กรม,ราชการ,หน่วย,กระทรวง,หน้าที่,นายก,สังกัด,ประธาน,สำนักงาน,ดูแล,กำกับ,ตำรวจ,หัวหน้า,เจ้าหน้าที่,มีหน้า,ผู้จัดการ,ที่ปรึกษา,ข้าราชการ,พนักงาน,ศึกษาธิการ,มหาดไทย,แผนก,เลขาธิการ,อาสา,พลเรือน,ปลัด,กลาโหม,อธิบดี,เจ้าคณะ,รับหน้า,อาวุโส,รักษาการ,การคลัง,บรรณาธิการ,อัยการ,เลขานุการ,กรมการ,ทำเนียบ,โฆษก,บังคับบัญชา,มหาดเล็ก,โยธา,เสนาธิการ,ผู้บังคับบัญชา,นายอำเภอ,นครบาล,ทนายความ,องคมนตรี,ลูกจ้าง,เจ้ากรม,ภูธร,ธรรมการ,ตรวจการ,วิสามัญ,ข่าวกรอง,สมุห,แม่กอง,ราชองครักษ์,เสมียน,จุฬาราชมนตรี,ราชเลขาธิการ
29,การ,ผล,ลักษณะ,สิ่ง,นอกจาก,บุคคล,โครงสร้าง,โอกาส,ตัวอย่าง,บทบาท,วิธี,แนวคิด,วิธีการ,ปรากฏการณ์,วิวัฒนาการ,ความคิด,เนื้อหา,เน้น,ขั้น,เหตุผล,พฤติกรรม,อนาคต,เทคนิค,คุณภาพ,คุณสมบัติ,รายละเอียด,สถานการณ์,ส่วนร่วม,หลักการ,ปัจจัย,มุ่ง,ประสบการณ์,หัวข้อ,พัฒนาการ,วิถี,สภาวะ,แนวทาง,นัย,ประเด็น,คุณค่า,ทักษะ,แง่,มุมมอง,ขอบเขต,กลไก,แนวโน้ม,ได้การ,สาระ,ศักยภาพ,คุณลักษณะ,ตัวตน,กลยุทธ์,ทัศน์,เจตนา,เชื้อชาติ,ข้อเท็จจริง,ภาพลักษณ์,อุดมการณ์,ทัศนคติ,บริบท,นวัตกรรม,ท่าที,สมรรถภาพ,บุคลิกภาพ,ทัศนะ,อัตลักษณ์,รายวิชา,ภาพพจน์,อคติ,กลวิธี
30,กรุงเทพ,จุฬาลงกรณ์,ธรรมศาสตร์,ราชภัฏ,นเรศวร,สาธิต,ศิลปากร,คำแหง,อธิการบดี,ทักษิณ,มหิดล,เกษตรศาสตร์,วิโรฒ,นครินทร,อัสสัมชัญ,บูรพา,รังสิต,เถร,ศิษย์เก่า,พลศึกษา,ทบวง,ฮาร์วาร์ด,สแตนฟอร์ด,นาลันทา,บัณฑิตย์
31,ตัว,เสียง,หน้า,ช่อง,ซ้าย,ขวา,คัน,หมายเลข,ส่อง,เรียง,ป้าย,จาน,จอ,ปก,เครื่องหมาย,แถว,จังหวะ,กลอง,ล้อ,กรอบ,แผง,นาฬิกา,กังหัน,ปุ่ม,ไพ่,สอด,แต้ม,โน้ต,ห่วง,อาร์ม,กระดาน,วางตัว,ประกบ,คำนำ,คีย์,ลูกบอล,บรรทัด,คั่น,แป้น,เบี้ย,วรรณยุกต์,เพลา,ลูกศร,โลโก้,ปากกา,สับเปลี่ยน,ฉลาก,ลายเส้น,คลิก,เมาส์,วาล์ว,คีย์บอร์ด,วงเล็บ,หงาย,แบ็ก,ลูกเต๋า,บานพับ,ทศนิยม,เฟือง,ดวงตรา,ลูกสูบ,กากบาท,ปรุ,หมุด,สัทอักษร,ยูนิโคด,ทแยง,สไลด์
32,ปี,วัน,ครั้ง,เวลา,เดือน,ฤดูกาล,สัปดาห์,คราว,ชั่วโมง,นาที
33,เทพ,นักบุญ,ศักดิ์สิทธิ์,สวรรค์,เยซู,เทพเจ้า,กาลิเลโอ,เทวดา,บาป,เทพี,รีย์,แม่พระ,ยอห์น,พระเป็นเจ้า,บัพ,พระผู้เป็นเจ้า,พรหมจารี
34,มาก,ใหญ่,สูง,ยาว,น้อย,เล็ก,กว้าง,ต่ำ,สั้น,ลึก,ท้าย,เบา,แพง,แคบ,ด้อย,โต่ง
36,กาล,รก,บวช,บาลี,นารี,อนุ,พราหมณ์,อุปสมบท,สามเณร,จารย์,ศา,มหายาน,เผยแผ่,เถรวาท,ไบเบิล,ผนวช,บรรพชา,ปรินิพพาน,สังคายนา,ฌาน,ท่อง,ภาวนา,ธรรมะ,อรรถกถา,มหานิกาย,ตม,พุทธศาสนิกชน,กรรมฐาน,เปรียญ,นักพรต,ธุดงค์,วิปัสสนา,วัตร,นิมนต์,เต๋า,เทศน์,คริสต,ขงจื๊อ,ฆราวาส,คุรุ,มุฮัมมัด,รจนา,อาราธนา,ภิกขุ,จาริก,ตตร,ภิกษุณี,บรรพ,สักขี,ฒาจารย์,สัง,สังฆ,เณร,สรีระ,ชินราช,พรต,วรรณะ,คอนแวนต์,อัลกุรอาน,สิกขาบท,ธุระ,โหร,สิกขา,สิทธัตถะ,มรรค,ชินโต,แม่ชี,สมณะ,บิณฑบาต,ธรรมยุติกนิกาย,ไลลา,ศาสนกิจ,เทวนิยม,บรรพชิต,กถา,โฆ,ปุโรหิต,สารบบ,วรรษ,ดาบส,อิต,คฤหัสถ์,อานิสงส์,สัทธรรม,มรณ,ภาษิต,เรนโช,สมัน,โฆษาจารย์,วัชรยาน,ปาฐกถา,หลวงตา,โองการ,ปัจเจก,อุบาสก,ตันตระ,กุลบุตร,ชมพูทวีป,ศากยมุนี,มาณพ,ขอขมา,อุบาลี,ปิฎก,วัตรปฏิบัติ,สังฆกรรม,จริต,หลวงจีน,วัดวา,ออร์ทอดอกซ์,อุบาสิกา,ไสยาสน์,สิหิงค์,โยคะ,วิเวก,ศิษยานุศิษย์,ปัญจวัคคีย์,ธรรมยุต,มังคละ,ปฐมเทศนา,กัสสป
40,มงคล,พระเจ้าอยู่หัว,ธิ,เทพรัตน,นครินทร์,สุดาฯ,นิเวศน์,นครินทรา,นาฏ,สิรินธร,วิทย,ภัฎ
41,จำนวน,ค่า,เงิน,ราคา,อัตรา,ที่ดิน,จ่าย,ทุน,รายได้,ภาษี,ลงทุน,บัญชี,งบประมาณ,ร้อยละ,จ้าง,ทรัพย์สิน,หุ้น,มูลค่า,ทรัพย์,ชำระ,ดอลลาร์,ซื้อขาย,ประกัน,หนี้,กำไร,ตอบแทน,ภาระ,ต้นทุน,ปอนด์,สัมปทาน,ตั๋ว,กรรมสิทธิ์,เงินตรา,ชดเชย,เงินเดือน,อากร,สินทรัพย์,ดอกเบี้ย,หนี้สิน,อุดหนุน,ขาดทุน,ตราสาร,ส่วนแบ่ง,กู้ยืม,รายจ่าย,บำนาญ,สินเชื่อ,ทุนทรัพย์,เปลือง,ปฏิกรรม,จีดีพี,พันธบัตร
42,ดู,เด่น,งาม,สวย,กาย,อารมณ์,ฝีมือ,แปลก,เอกลักษณ์,ลักษณ์,นิสัย,ชื่น,งดงาม,สายตา,โฉม,สไตล์,หน้าตา,จินตนาการ,บุคลิก,รำ,เสน่ห์,หรูหรา,ท่าทาง,โทน,สดใส,ไพเราะ,ลีลา,อุปนิสัย,ประกาย,กลมกลืน,กิริยา,ฟ้อน,พรสวรรค์,ประณีต,ระบำ,สง่า,พละ,หรู,ทัศนียภาพ,สง่างาม,สมจริง,น้ำเสียง,อดิเรก,ชีวา,ร่าเริง,รสนิยม,สีหน้า,ขบขัน,ร่ายรำ,บรรจง,นุ่มนวล,ท่วงทำนอง,ละเอียดอ่อน,อลังการ,ไหวพริบ,ลูกเล่น,รูปโฉม,นาฏกรรม,ดุดัน,ปฏิภาณ,วางท่า,ท่วงท่า,พิถีพิถัน,อ่อนช้อย
43,เครื่อง,รังสี,แสง,คลื่น,กล้อง,อุปกรณ์,สัญญาณ,เครื่องมือ,อินฟราเรด,กัมมันต์,วงจร,อัลตราไวโอเลต,หลอด,เครื่องจักร,ฟิล์ม,โฟ,สุญญากาศ,ลอยตัว,เอกซ์,เลนส์,เซ็นเซอร์,เรดาร์,ตัวกลาง,เลเซอร์,นาโน,แบตเตอรี่,ลำแสง,ฟิลเตอร์,บัลลูน,จุลทรรศน์,สแกน,โฟกัส,สายอากาศ,ไดโอด,เซนเซอร์,มิเตอร์,ดอท,ฟลักซ์,ทรานซิสเตอร์
44,ปัญหา,สังคม,เศรษฐกิจ,นโยบาย,ให้การ,สุขภาพ,สิ่งแวดล้อม,ว่าด้วย,สาธารณสุข,การเงิน,มวลชน,เสรีภาพ,รณรงค์,ยุทธศาสตร์,มนุษย,อาชญากรรม,ยาเสพติด,จริยธรรม,ศีลธรรม,ฉ้อ,มนุษยธรรม
45,กระบวนการ,เซลล์,สมอง,ประสาท,อวัยวะ,เยื่อ,ต่อม,เนื้อเยื่อ,ยีน,เอนไซม์,ฮอร์โมน,เทกซ์
46,มิ,โอ,เอ,กา,ซี,อา,ซา,คา,โค,ยู,เซ,ซิ,เด,บา,โก,เม,โน,อะ,อี,โด,โม,ออ,ติ,เค,ดา,โท,เท,โซ,เก,คอ,ทา,ฮา,อาร์,ชา,ปา,วี,แอ,เจ,โบ,บิ,แอน,กอ,จู,แค,ไซ,จี,บุ,เฮ,โพ,เวอร์,คาร์,เบอร์,แก,โฮ,กู,คู,บาร์,กี,นอ,วอ,บอ,ไน,ทอ,โป,ซอ,ทู,อู,โว,เพ,มอ,แบ,เซน,ตู,ยอ,แฮ,ไค,เวน,เอน,มอน,ฟู,เจน,เดน,อิส,แด,ตอ,เปีย,เปา,ซีน,ซ่า,คัล,คลอ,ไพ,สกา,กวา
47,มี,ขึ้น,ระหว่าง,สำเร็จ,ขาด,สงบ,สูญเสีย,โยง,ล้มเหลว,การณ์,ผิดพลาด,สับสน,ลำบาก,วุ่นวาย,ร้ายแรง,เลว,ทวี,บกพร่อง,ขาดแคลน,วิกฤต,เอนเอียง,เป็นกลาง,วิกฤตการณ์,สะเทือน,แตกแยก,เครียด,คืบ,ตึงเครียด,สงบสุข,ล่าช้า,ยุ่งยาก,กำเริบ,คาดหมาย,ตื่นตัว,วิกฤติ,วิตก,เฟ้อ,หายนะ,เสมอภาค,ชุก,คลาดเคลื่อน,อื้อฉาว,โปร่งใส,ผ่อนคลาย,ซึมเศร้า,ปรองดอง,ติดขัด,เสียเปรียบ,อดอยาก,ปั่นป่วน,แปรปรวน,แออัด,ทุพภิกขภัย,นองเลือด,ผันแปร,ขัดข้อง,ตระหนก,ปราชัย,ยืดเยื้อ,เสื่อมเสีย,หวาด,ผันผวน,วิกฤติการณ์,เค้น,ลำเอียง,ยุ่งเหยิง,คลอน,โกลาหล,กำกวม,บานปลาย,สมานฉันท์,คลาด,เหลื่อมล้ำ,บอบช้ำ,ระส่ำระสาย,คับขัน
48,กล่าว,เห็น,ปรากฏ,รู้,คิด,พูด,บอก,เข้าใจ,ทราบ,อธิบาย,เล่า,ระบุ,คาด,อ้าง,รายงาน,ถาม,ยืนยัน,ชี้,สรุป,พิสูจน์,บรรยาย,เปิดเผย,รับรู้,สงสัย,กล่าวหา,แสดงออก,แถลง,ทำนาย,หมายความ,ตระหนัก,นึก,เผย,เกรง,ทำไม,โต้แย้ง,เอ่ย,พรรณนา,แน่ใจ,ชี้แจง,ล่วงรู้
49,ร่างกาย,เลือด,ท่อ,หลอดเลือด,ไต,หายใจ,ตับ,ผิวหนัง,ปอด,โลหิต,ปัสสาวะ,เม็ดเลือด,กระเพาะ,ลำไส้,น้ำดี,อุด,เส้นเลือด,มดลูก
50,ประเทศ,ชาติ,พรรค,รัฐ,รัฐบาล,สภา,สหรัฐ,สาธารณรัฐ,สมาคม,ประชุม,องค์การ,จักรวรรดิ,องค์กร,ประธานาธิบดี,สหภาพ,สหประชาชาติ,รัฐสภา,พันธมิตร,อาณานิคม,เอกราช,ขบวนการ,สหพันธ์,วุฒิสภา,สันติภาพ,แนวร่วม,อาเซียน,สมาพันธ์,อิสรภาพ,มหาอำนาจ,สหพันธรัฐ,ภาคี,สันนิบาต,สมัชชา,อธิปไตย,ประชาคม,จักรภพ,สมาพันธรัฐ,ประชาชาติ
51,สาร,อุณหภูมิ,ปริมาณ,กรด,โปรตีน,ซึม,ไขมัน,ออกซิเจน,วิตามิน,กลูโคส
53,ใจ,จริง,รัก,พยายาม,ผิด,ชอบ,สนใจ,รู้สึก,จำ,หวัง,สุข,ฝัน,กล้า,กลัว,ตั้งใจ,พอใจ,เคารพ,แค้น,พระทัย,เปรียบ,ศรัทธา,บริสุทธิ์,ทุกข์,ปรารถนา,กังวล,ประทับใจ,โกรธ,จดจำ,ชื่นชม,เชื่อถือ,ฉลาด,ยากจน,ยินดี,หาญ,พิการ,เสียใจ,เกลียด,มั่นใจ,สามัคคี,สนุก,ผูกพัน,ตกใจ,ท้าทาย,จงรัก,สนุกสนาน,ถนัด,ชัง,เบื่อ,มุ่งมั่น,เลื่อมใส,ร่ำรวย,รู้เรื่อง,เดือดร้อน,ใส่ใจ,ผิดหวัง,เอาใจ,กระตือรือร้น,ชอบธรรม,เศร้า,อดทน,ตื่นเต้น,ดุร้าย,ซื่อสัตย์,ภูมิใจ,ดีใจ,หวาดกลัว,ทุ่มเท,ภาคภูมิ,เคือง,โหดร้าย,เป็นห่วง,หลงใหล,พึงพอใจ,เสียสละ,อัศจรรย์,ก้าวร้าว,โปรดปราน,ประมาท,สงสาร,ใฝ่ฝัน,ระแวง,เสียดาย,รักใคร่,อ่อนโยน,ตะลึง,ว่องไว,กตัญญู,รังเกียจ,อิจฉา,เก่งกาจ,ไว้ใจ,ทะเยอทะยาน,ชอบใจ,หิว,ร้ายกาจ,สมัครใจ,ขยัน,เหงา,เกรงกลัว,รอบรู้,ลังเล,เห็นแก่,ฮือ,เพลิดเพลิน,กระหาย,โศกเศร้า,ริษยา,เห็นใจ,อนุเคราะห์,อาลัย,จริงใจ,ห่วงใย,พิโรธ,ทึ่ง,เอ็นดู,อับอาย,เศร้าโศก,อ่อนไหว,เชื่อใจ,เกรงขาม,รำคาญ,เสน่หา,ซาบซึ้ง,สะพรึงกลัว,ปิติ,กังขา,อึดอัด,หยิ่ง,นึกคิด,โลภ,ถ่อม,สะเทือนใจ,พิศวง,ขื่น,ละอาย,เคียดแค้น
54,อีก,สอง,สาม,สี่,ละ,ล้าน,ห้า,กี่,หก,เจ็ด,แปด,เก้า,เอ็ด
55,น,ส,ล,ค,ร,ต,ง,ก,อ,ย,ท,ฟ,ด,ม,ช,โล,ป,ธ,เล,ซ,บ,วิ,เร,ดิ,จ,นัน,รัส,ย่าง,ศ,ก้า,เซีย,ยู่,มัส,สเตอร์,อน,อง,เชีย,ยน,ลัส
56,ปัจจุบัน,วัด,เดิม,ขุด,เจดีย์,ร้าง,ประดิษฐาน,เจ้าอาวาส,หลวงพ่อ,โพธิ์,ตะเภา,คุ้ง,โบราณสถาน,ปฏิสังขรณ์,จำพรรษา,สถูป,มหาธาตุ,โบราณวัตถุ,การเปรียญ,เบญจมบพิตร,พุทธคยา,ชนีย
57,องค์,ท่าน,ธรรม,จักรวาล,สงฆ์,สูตร,ภิกษุ,พระพุทธเจ้า,พรหม,ญาณ,ศีล,ตรัส,วินัย,เถระ,โพธิสัตว์,สาวก,ศาสดา,ไตรปิฎก,พระพุทธองค์,เมตตา,กรุณาธิคุณ,บารมี,สมณศักดิ์,มุนี,วาจา,ปรีชา,เทศนา,ฤๅษี,ตรัสรู้,ราชาคณะ,อรหันต์,อุปัชฌาย์,นิพพาน,อานนท์,อภิธรรม,พุทธะ,วจนะ,ธรรมกาย,กัสสปะ,รัตนตรัย,โอวาท,ตถาคต,อวโลกิเตศวร,สารีบุตร,ปริตร,เกจิอาจารย์,โสดาบัน,เทวทัต,ยาห์เวห์,เวสสันดร,วินัยปิฎก
58,หัว,ท้อง,ใบ,ปาก,กระดูก,ขน,หาง,ขา,ครีบ,รอย,อก,แขน,แหลม,ปีก,กิ่ง,ฟัน,กล้าม,เท้า,ก้าน,หู,ศีรษะ,หุ้ม,นิ้ว,ใบหน้า,โคน,เกล็ด,ท่อน,จมูก,ดวงตา,แผล,สันหลัง,ร่อง,หนวด,หนาม,ลิ้น,กะโหลก,ไหล่,งอก,เล็บ,กระดอง,กรรไกร,จะงอย,ทวาร,ปล้อง,เขี้ยว,ตีน,กระหม่อม,ฉีก,หน้าอก,เหงือก,แก้ม,ไขสันหลัง,ตุ่ม,หน้าผาก,เอว,ริมฝีปาก,ขมับ,เข่า,นัยน์ตา,ศอก,กราม,คอด,ท้ายทอย,ฝอย,คาง,ปลอก,องคชาต,ติ่ง,หน้าท้อง,เกร็ง,พังผืด,สะโพก,กลวง,โหนก,ทรวง,หัวไหล่,กระเปาะ,อุ้ง,หงอน,สะบัก,ตะขอ,เงี่ยง,รยางค์,ซี่โครง,เชิงกราน,หัวเข่า,กล่องเสียง,คอหอย,เบ้าตา
59,ไฟฟ้า,แกน,ไหล,แม่เหล็ก,ดัน,กระแส,หมุน,ขั้ว,เวียน,ต้านทาน,ลวด,มอเตอร์,บิด,ขด,เหนี่ยวนำ,ศักย์
60,กิน,เลี้ยง,ผสม,ดูด,รับประทาน,ดื่ม,ซับ,บริโภค,ปรุง,ต้ม,หมัก,บด,แปรรูป,เก็บเกี่ยว
61,พระ,เทวี,ประชา,จัก,ลัย,ดุสิต,ปทุม,มัง,จักรี,วรวิหาร,ธรรมา,โพธิ,บูร,วงศา,พ่อขุน,อรุณ,สุริยวงศ์,วรมหาวิหาร,สีมา,วราราม,ศักดิ,มกุฎ,มกุฏ,เบญ,สุภา,อาสน์,มณเฑียร,สิงหนาท,สาสน์,เลขา,มนู,บพิธ,โศก,พิมล,มหิ,บพิตร,วังหลัง,ธรรมิก,กัลยาณี,ษาธิ,วินิต,ลว,สฤษฎิ์,วรวงศาธิ
62,มัน,แก๊ส,ปฏิกิริยา,น้ำมัน,ฝุ่น,แร่,วัสดุ,เชื้อเพลิง,ไฮโดรเจน,ส่วนประกอบ,ก๊าซ,สังเคราะห์,ฮีเลียม,ของเหลว,คาร์บอน,ละลาย,เกลือ,สารประกอบ,ผลึก,ช่องว่าง,ของแข็ง,กัมมันตรังสี,อินทรีย์,ถ่านหิน,ไดออกไซด์,ระเหย,สารละลาย,ปิโตรเลียม,มลพิษ,กลั่น,ออกไซด์,เหลว,ไนโตรเจน,โซเดียม,ไฮโดร,แคลเซียม,ยูเรเนียม,ฟอสเฟต,พอลิเมอร์,ไฮโดรคาร์บอน,กัมมันตภาพรังสี,คาร์บอเนต,มีเทน,ฟิชชัน,โอโซน,ไอเสีย,กำมะถัน,อาร์กอน
63,อาณาจักร,วัง,ทาน,บิดา,สำนัก,บัญญัติ,ดำริ,อิสริยาภรณ์,กุมารี,ชนนี,ชนก,นิพนธ์,กฤษฎีกา,นัดดา,กุมาร,ทานพ,พงศาวดาร,สมภพ,ดำรัส,หฤทัย,วังหลวง,สันตติ,บริพาร,ปรารภ,พัสดุ,อัธยาศัย,สมัญญา,ปนัดดา,อาคันตุกะ,กกุธภัณฑ์,เสาวนีย์
64,จึง,จน,กลับ,ขณะ,เอง,พา,ตัวเอง,นี่,เสมอ,นั่น,หัน,ทันที,ผู้คน,คอย,หลง,ทัน,สัก,ยาม,แอบ,หมอ,ชวน,ครั้น,ใส,หลับ,รีบ,ท่ามกลาง,ตื่น,ลุก,ขัน,เค้า,ดั่ง,อย่า,นิ่ง,สาวๆ,พอดี,สบาย,ลืม,เมา,ว่าที่,หลวงปู่,ลำพัง,เงียบ,แถม,พลอย,บางที,มากๆ,ยิ้ม,นวล,ปาน,ชิต,หวน,ค้าง,แสบ,อาย,น้ำตา,เพื่อนๆ,รุ่งขึ้น,ร้องไห้,แกล้ง,เที่ยง,ซากุระ,รุ้ง,บ่อยๆ,จวน,ถ้วน,บัดนี้,ก้อง,เจ้าตัว,มาบ,ท่านหญิง,อ้าย,หัวเราะ,เยอะ,กานต์,ทันใด,เหนื่อย,ตะโกน,มัว,โอ้,หลอน,หล่อน,อิ่ม,แวว,ขนุน,ทับทิม,ลุ้น,ตั้งท้อง,ดึก,สึก,พูดจา,อึ้ง,เถิด,สะดุด,พิม,ช่า,เอี้ยก้วย,ทั้งนั้น,เสาะ,ครับ,ล้า,หน่อย,จูบ,แสร้ง,ทั้งๆ,กล่อม,บอด,ด่า,พลาย,เด็ด,ต่อว่า,ท้อ,เนกิ,กะรัต,โมโห,เปน,เฉย,ย่ำ,ขำ,ระย้า,ซึ้ง,ทีหลัง,ล่ะ,แปลกๆ,เจ๋ง,ดีๆ,ปลอบ,หมั่น,เสียที,เผลอ,ทำท่า,เปลี่ยนใจ,บ่,ว่าว,ที่นอน,เจต,ลมหายใจ,อวด,ปาร์ตี้,ทุกที,ลูกๆ,คุณนาย,หอบ,แม้น,ครู่,ถูกใจ,สนั่น,โห่,สมหวัง,รุ่งเช้า,เสียว,หึง,ข้างๆ,ช้ำ,ปลื้ม,เฟื่อง,สาวใช้,เชียเรอร์,ระทึก,บ่น,นางใน,แพรว,วิวาห์,แย้ม,โง่,บุปผชาติ,เมื่อไหร่,โอม,สบายใจ,เย็นชา,ไบรแอนต์,พลาง,แรนซ์,นานๆ,กานดา,เริง,วนเวียน,สู่ขอ,ไฉน,บักส์,เพื่อนฝูง,เป็นลม,ฝากตัว,เขย่า,อิเหนา,ลั่นทม,เฉียด,ป่าน,แหลก,เจ้าบ่าว,แท้ง,เสมอๆ,ลำยอง,รอดตาย,วิธ,คุณชาย,กริ้ว,เหมียว,เถิดเทิง,คนๆ,ติดพัน,พรุ่งนี้,ย้ง,ปรก,ศรีตรัง,งง,คล้อย,อังศุ,ลูกผู้ชาย,เชย,รับปาก,ฝืน,พลบค่ำ,ต่าย,คำนับ,เดี๋ยวนี้,ทำใจ,ส่าย,กระซิบ,เมืองนอก,มณฑา,ติดใจ,เหลือเกิน,รู้ทัน,เบรย์,สเนป,แม่เลี้ยง,นุ้ย,ลืมตา,สุดๆ,พ่อเลี้ยง,ขลาด,หวั่นไหว,ซี้,ขอทาน,เภา,กันย์,รัชนี,สมสู่,หนำ,กิตติศัพท์,หงุดหงิด,โหน่ง,ชบา,เถอะ
65,นำ,ผ่าน,เปิด,ส่ง,เพิ่ม,แยก,ขยาย,ลด,ควบคุม,ป้องกัน,ก่อ,กระจาย,ปรับ,ปิด,อ่อน,ปล่อย,เตรียม,สลาย,เคลื่อน,แปลง,เสริม,กระตุ้น,รองรับ,ดึงดูด,ถอน,เติม,คัด,ดึง,เร่ง,ยืม,ระบาย,สกัด,สำรอง,ผลักดัน,สูบ,บีบ,ยับยั้ง,ฉีด,พอง,ทดแทน,รบกวน,ระงับ,สั่น,ผัน,กรอง,ฟัก,แทรก,เคลื่อนย้าย,หด,ยืด,ป้อน,ลำเลียง,หย่อน,คลาย,แกว่ง,ทด,ชะลอ,พราง,พยุง,หน่วง
66,ราว,คม,สน,ฉลาม,อินทรี,แกม,ฯ,เกสร,เลื้อยคลาน,เชิด,กระจัด,เซนติเมตร,แฝด,กระเบน,พวง,กิโลกรัม,จ้า,ตะเพียน,ปักเป้า,เงือก,ส่งเสียง,ว่าน,สะเทิน,น้ำเงิน,ลูกผสม,กระเรียน,ป่อง,งวง,คราม,เห่า,โปร่ง,ด้วง,ดุก,ซิว,เหลือบ,แทะ,ฝาชี,นกยูง,เผือก,กระทิง,เพรียว,ซีด,พิณ,ช่อน,กีบ,แตร,ปาด,สลัด,เรณู,เครา,แห,มหึมา,คอก,ฟีนิกซ์,นายพราน,ปลาทอง,วานร,ขลุ่ย,มารวิชัย,ปี้,กะพง,ผุด,บู่,สาก,สาบ,แมงกะพรุน,ตุ่น,ใบเลี้ยง,เพชฌฆาต,เม่น,อวบ,หยาด,กระจอก,พิราบ,นางแอ่น,กระด้าง,งาช้าง,ม้าลาย,แกะรอย,พู่,ผัว,อ๊อด,แวววาว,พุง,งุ้ม,ทาก,ก้าม,เดือย,ฟองน้ำ,หมัน,ตุ๊กแก,ห่าน,จงอาง,ไพรเมต,ซากศพ,หุบ,ง่าม,คางคก,ระนาด,โฉบ,อวน,เชื่อง,อ้า,ปักษา,กระโดง,แมลงวัน,ทัด,หิมพานต์,หมูป่า,แมวน้ำ,ฟันเลื่อย,นางพญา,คำราม,งอน,ไก่ฟ้า,ม้าน้ำ,ก้อย,ริดสีดวง,เบ็ด,กระดิ่ง,ครอก,กอริลลา,ยีราฟ,ร่างแห,แมงดา,หย่อม,อูฐ,ตะขาบ,ลิ่น,แส้,โขลง,คู่ใจ,น้ำค้าง,เก้ง,แหว่ง,หวี,เลื่อย,ลีเมอร์,ปราดเปรียว,จิ้งจก,ชิมแปนซี,ตั๊กแตน,เปราะ,แมลงปอ,ปลิง,แสม,ลิงลม,จอแส,สลิด,กระจอกเทศ,แคนท์,กระสา,ปลัก,ฉ่ำ,คีม,นกเขา,เพกา,อีเห็น,กำมะหยี่,กระดี่,กุลา,กราย,คลี่,ลูกปัด,อุณาโลม,ละม้าย
67,ไว้,ใส่,ผ้า,นอน,เสื้อ,นั่ง,ผม,สวม,ยืน,บัง,ถุง,โต๊ะ,แขวน,คลุม,ผูก,ปัก,เข็ม,เปล่า,ร่ม,กล่อง,หมวก,อาบ,รองเท้า,พับ,สร้อย,ตุ๊กตา,เชือก,กระเป๋า,มัด,บาตร,รัด,ซัก,แพร,เข็มขัด,พก,ห้อย,เก้าอี้,เครื่องแบบ,หน้ากาก,ม้วน,โคม,กางเกง,ม่าน,ด้าย,เย็บ,มุก,แว่น,จีบ,กรง,กอด,ห่ม,คล้อง,แนบ,ไขว้,ถู,โลง,บ่า,ห้องน้ำ,หมอน,นุ่ง,แปรง,จีวร,กระโปรง,เบาะ,จุก,โบก,ครุย,โกน,แปะ,ประคอง,ตอก,ถัก,โพก,ขึง,ตาข่าย,ทรงเครื่อง,นิรภัย,น่อง,หัวโขน,พวงมาลัย,คุกเข่า,หนีบ,ซิ่น,กระถาง,แว่นตา,หมอบ,ลูบ,ทาบ,รถเข็น,ตะปู,ภูษา,ส้น,ดิ้น,กระดุม,ประจาน,เปลื้อง
68,อย่าง,คน,ส่วน,กลุ่ม,ชนิด,ชุด,อันดับ,รูปแบบ,รุ่น,สาขา,ประเภท,ฉบับ,ชิ้น,ราย,สกุล,เล่ม,ประการ,หมวด,จำพวก,แขนง,สปีชีส์
69,จง,ยง,ลี่,จาง,จอง,ยอง,ซอง,ฮ,คิม,วาน,กง,รง,กัง,วอน,ชุน,ลก,จัง,เกา,เสี้ยว,พระสนม,ซัง,สนม,ยอน,ตัง,ยิน,เจีย,จี้,คัง,แท,ชอน,เต็ง,ชอง,เฟิน,ซุก,เซียว,เต้,ซุย,กุย,กิม,จอน,แซ่,นาท,ไทเฮา,ซง,หลี,ฟาน,เล้ง,ลี้,เบ้,ฮย็อน,อึน,ฮง,หอง,ทง,งัก,หวา,เจา,เอี้ยง,ก๊วย,ฮอน,คย็อง,ฮวน,จื่อ,วุ่น,เฮง,อาว,เมียง,ตี่,เฮา,เหี้ยน,ซก,เหลียน,มู่,งียน,ซิ่ว,เจิน,หม่อง,ฟู่,จวง,เตง,เอ๋อ,โจท,ซู่,เต๋อ,ป๋อ,ฮูห,ต๋ง
70,ฟ้า,แดง,ดำ,ขาว,สัน,เขียว,เหลือง,เข้ม,ม่วง,เทา,ส้ม,ชมพู,คล้ำ,ย้อม,คิ้ว,วัตถิ์
71,แผ่นดิน,หมู่,ภูมิภาค,ทวีป,แลนด์,แปซิฟิก,เวสต์,มิด,แอตแลนติก,ภาคพื้น,อินโดจีน,บริติช,เมดิเตอร์เรเนียน,อาณา,สุมาตรา,น่านน้ำ,อาร์กติก,โพ้นทะเล,อันดามัน,บอร์เนียว,มาดากัสการ์,แคริบเบียน,นาโต,อาณัติ,อีสต์,บอลติก,สแกนดิเนเวีย,เอมิเรตส์,ไรน์,เอเซีย,ไซบีเรีย,หิมาลัย,ไนล์,แมนจูเรีย,มาเก๊า,อาคเนย์,แอนตาร์กติกา,ยุทธนาวี,นอร์ม็อง,เชียเนีย,แอลป์,คีว,น่านฟ้า,อะแลสกา,ดานูบ,ยูเรเชีย,กันชน,แอนตาร์กติก,กวม,แคสเปียน,สตะ
72,โจ,ก๊ก,ซุน,แม่ทัพ,โฉ,ยี่,ปี่,กุน,อ้วน,กวน,จิ๋ว,กวนอู,เตียว,อุบาย,ขงเบ้ง,ขันที,ขุนพล,นอง,ตั๋ง,ล่ง,อนุวงศ์,จิว,อุย,ไพร่พล,เรง,โป้,วุย,เซ็ก,หุย,เจียว,เสี้ยน,โนะบุนะงะ,จ๊ก,ง่อ,นตั๋ง,เอี๋ยน,ฮอง,เกียง,จ้าน
74,จาก,เหตุการณ์,เหตุ,ระเบิด,ภัย,ไหว,นิวเคลียร์,พายุ,เพลิง,ดับ,อุบัติเหตุ,ไหม้,ท่วม,ฟิวชั่น,ไมโครเวฟ,ปฏิกรณ์,ฉุกเฉิน,ถล่ม,พิบัติ,จลาจล,กแบง,อุทกภัย,สึนามิ,ปะทุ,ไต้ฝุ่น,อุบัติ,อุตุนิยมวิทยา,ปรมาณู,รั่วไหล,ฟุกุชิมะ,เฮอร์ริเคน,อัคคีภัย,ไซโคลน,วินาศกรรม
75,นา,ริ,รี,รา,ตา,นิ,ลิ,ลา,โร,ลี,วา,รอ,รู,ซาน,โย,รี่,ชี,ริน,รอน,จา,วิน,เย,สิ,เมีย,ซาร์,เลีย,รัง,รัน,ติก,เลน,ซอน,เลียน,ริก,เมน,ร่า,มาน,อริ,รด,อิก,ลัน,อับ,ลอน,โต้,เนียน,สกี,ยัน,รน,อัง,บรา,ยี,รัม,เกน,รวิ,สมา,ลิต,ราน,เรต,เตียน,รีต,ลดา,สตีล,ฟอน,ลอม,รอก,เยอ,รอม,สปา,อิด,นง,วิด,ปติ,วาริ
76,พลังงาน,มวล,สสาร,อนุภาค,โมเลกุล,อะตอม,อิเล็กตรอน,นิวเคลียส,ประจุ,คอสมิก,นิวตรอน,พลาสมา,ยวดยิ่ง,ไอออน,พันธะ,โปรตอน,ไอโซโทป
77,ปกครอง,เปลี่ยน,แบ่ง,ดำเนิน,กำหนด,วาง,บริหาร,เปลี่ยนแปลง,ซื้อ,ยกเลิก,ครอบคลุม,โอน,เช่า,แบ่งแยก,ซ่อมแซม,จัดสรร,รื้อ,ควบ,โยกย้าย,แจกจ่าย,ต่อเติม,รื้อถอน,เพิกถอน,เวนคืน
78,พม่า,สยาม,ลาว,เขมร,เชียง,กรุงเทพฯ,ล้านนา,อีสาน,โขง,มอญ,เวียงจันทน์,ลังกา,ขอม,สุวรรณภูมิ,ปุระ,จาม,หงสาวดี,ล้านช้าง,ศรีวิชัย,ฉาน,หลวงพระบาง,กวางตุ้ง,ญวน,พายัพ,แต้จิ๋ว,โคราช,ตะนาวศรี,ฮ่อ,ฮกเกี้ยน,ลื้อ,จำปาศักดิ์,มคธ,ยูนนาน,ส่วย,พวน,พุกาม,ตองอู,ละโว้,ไทรบุรี,ถลาง,โยนก,หริภุญชัย,รามัญ,ทวาย,เงี้ยว
79,อาคาร,สถานที่,ห้อง,สวน,วิหาร,โรง,ปราสาท,สถาน,เสร็จ,หอ,ฉาก,กำแพง,พิพิธภัณฑ์,โบสถ์,เรือน,ลาน,ป้อม,ตึก,สิ่งก่อสร้าง,ศาลา,อาราม,แท่น,อุโบสถ,สุสาน,คฤหาสน์,อนุสาวรีย์,จัตุรัส,เปล,ซุ้ม,บ้านพัก,ปราการ,ปรางค์,ศาสนสถาน,หอคอย,ปลูกสร้าง,ระเบียง,เตียง,รั้ว,มัสยิด,พลับพลา,หอพัก,หอประชุม,กุฏิ,สำนักสงฆ์,คูหา,โถง,กระท่อม,หน้าบัน,ซิลิกา,วงกต,พิพิธภัณฑสถาน,มณฑป,ห้องโถง,เทวสถาน,อัฒจันทร์
80,ดาราศาสตร์,วิทยาศาสตร์,ประวัติศาสตร์,ทฤษฎี,วิจัย,วิทยา,ฟิสิกส์,วิชาการ,เคมี,คณิตศาสตร์,ปรัชญา,ช้างเผือก,กายภาพ,พันธุกรรม,ภูมิศาสตร์,เศรษฐศาสตร์,ธรณีวิทยา,คลินิก,โบราณคดี,จิตวิทยา,ชีวภาพ,ชีววิทยา,กายวิภาค,พฤกษศาสตร์,ภาษาศาสตร์,วิธาน,โภชนาการ,สรีรวิทยา,นิเวศวิทยา,มานุษยวิทยา,สังคมวิทยา,ไสยศาสตร์,เทววิทยา,พันธุศาสตร์,ชีวเคมี,สัตววิทยา,เภสัชวิทยา
81,แผน,แผนการ,ระเบียบ,แผนที่,รากฐาน,ผัง,ผังเมือง,ศิลาฤกษ์,ระเบียบการ,แผนงาน,พวงมาลา
82,รับ,ระดับ,ชั้น,สมาชิก,ประจำ,ฐานะ,สมัคร,วิทยุ,ผู้แทน,รอง,รายชื่อ,สัญลักษณ์,ตรา,ธง,สากล,ตัวแทน,สถานะ,ธงชาติ,เกณฑ์,สัญชาติ,พลเมือง,เกียรติยศ,ใบอนุญาต,กิตติมศักดิ์,รับสมัคร,สลาก,จลนศาสตร์,นางงาม,สถานภาพ,ลูกเสือ,เชิดชู,ฟีฟ่า,เกียรติคุณ,ดุริยางค์,กาชาด,ยุวชน,สัญญาบัตร,โควตา,วิทยฐานะ
83,บี,ที,ไอ,เอส,เดอะ,พี,เอ็ม,นิว,ซูเปอร์,ชัน,เอ็น,เอฟ,เอ็กซ์,ดับเบิล,ออฟ,อิง,ซิง,เอช,แอล,แอร์,คอม,สตาร์,เวิลด์,เบส,อินเตอร์,มิส,โทร,บอร์ด,ไลน์,ยูโร,แอนด์,ซิตี,โซน,ทรู,เฟส,ไทยแลนด์,ร็อค,เพรส,เพลย์,เลิฟ,เซ็นทรัล,เดย์,เน็ต,ชิป,ไนท์,ท็อป,พอร์ต,ทาวน์,ไทม์,ชิพ,ไลฟ์,เลก,มาสเตอร์,ฮอต,จูเนียร์,ไนน์,เซ็นเตอร์,แบงก์,แดนซ์,เนชั่น,ซิ่ง,เบรก,สแควร์,แคป,ฮาร์ด,วิว,สกาย,ดิสนีย์,แอด,สโตน,ซุปเปอร์,ซิตี้,ซั่น,กรุ๊ป,เซ็กซ์,อีส,สปอร์ต,เวย์,บริดจ์,ทาว,ครอส,สปริง,รอยัล,ซี้ด,ทรานส์,โอเวอร์,ชาร์จ,ไซด์,พูล,เวิร์ค,ซัมเมอร์,เทิร์น,เครดิต,เมนต์,ดดริค,เชลล์,ไซเบอร์,เวิร์ส,ทริป,สเตเดียม,เนชันแนล,แชนแนล,สวนสนุก,นิวส์,สเตต,คอร์ด,สเปซ,บูม,อาร์ต,โซนี่,แท็ก,เนชั่นแนล,พอยท์,สตริง,เทรด,ไฮเปอร์,สแลม,ออฟฟิศ,เรด,ลิสต์,เจ็ต,วอิคก์,เทิล,ดอม,ไวต์,โบว์,นิกซ์,บลู,โฮม,ทิป,เรดิโอ,บ็อกซ์,เซเว่น,เน็ตเวิร์ก,มอลล์,เตอร์เทนเมนต์,เวิร์ก,อินเทล,เอ็นเตอร์เทน,แฮนด์,พาวเวอร์,แมชชีน,เบย์,เคด,โฟร์,วอล์ก,ซัมซุง,แบงค์,เท็กซ์,ไทมส์,ดอต,เอาท์,โซเชียล,เอ็ก,แมกซ์,เทอร์โบ,มาร์เก็ต,วิชั่นส์,เฟซ,เน็กซัส,บอกซ์,ทูนส์,แอ็ก,เก็ต,เอาต์,โปรดักชั่น,เฟล,จูน,วอลต์,ทไฟท์เตอร์,ชัวรอยด์,เวฟ,ไพรม์,เน็ตเวิร์ค,ทเทิล,ไฟว์,ไคลด์,โอเพ่น,นัวร์,พอร์ท,ปิตอล,ไชน่า,วอยซ์,ฟาย,ฟิส,สปอต,ฟ่าคัพ,ลิ่ง,พลาซ่า
84,บริษัท,ขาย,บริการ,จำหน่าย,ค้า,ธุรกิจ,ตลาด,อุตสาหกรรม,สินค้า,กิจการ,ร้าน,ธนาคาร,ผลิตภัณฑ์,โรงงาน,พาณิชย์,โรงแรม,หลักทรัพย์,ลูกค้า,ห้าง,พ่อค้า,ศูนย์การค้า,ผู้บริโภค,ประมูล,ยี่ห้อ,แบรนด์,อสังหาริมทรัพย์,รัฐวิสาหกิจ,ของเล่น,ผู้ประกอบการ,หุ้นส่วน,โตโยต้า,ปลีก,เครื่องสำอาง,ฮอนด้า,ประกันภัย,ภัตตาคาร,แฟรนไชส์,นิสสัน,บรรษัท,โภคภัณฑ์
85,ร้อน,หนาว,ฝน,ใบไม้,ผสมพันธุ์,แล้ง,อบอุ่น,มรสุม,หลาก
86,สร้าง,จัด,พัฒนา,ผลิต,ยก,ก่อตั้ง,จัดตั้ง,ออกแบบ,ก่อสร้าง,ปรับปรุง,สถาปนา,ประดิษฐ์,ทะเบียน,ดัดแปลง,ฟื้นฟู,คิดค้น,สร้างสรรค์,ริเริ่ม,บูรณะ,บุกเบิก,ปเลอร์,รื้อฟื้น
87,ภาย,เฉียง,เกาหลี,เวียดนาม,ซ่ง,หมิ่น,ปักษ์
88,ที่,ใน,เป็น,และ,ได้,โดย,ซึ่ง,กัน,ยัง,ทั้ง,เริ่ม,ทั้งหมด,ภายใน,ได้แก่,เจ้าของ,ก่อนหน้า,ทั้งสิ้น,ภายนอก,ทั้งนี้,นอกเหนือ,จด,เพิ่ง,เบื้องต้น,ๆ,เป็นรอง,เมริเดียน,รับจ้าง,ต่างหาก,อาทิ,ชื่อเล่น,เหมา,พุทธศักราช,นักการ,มิลลิเมตร,สหศึกษา,อนึ่ง,คด,สำคัญๆ,ออม,ใหญ่ๆ,วิสุงคามสีมา,ให้หลัง,นี่เอง,ย้อนหลัง,หลักๆ,เครื่องกล,ต่อยอด,ทั่วๆ,อเนกประสงค์,กรีนิช,ว่างเปล่า,รวด,เปอร์เซ็นต์,ดร,เอกเทศ,แผนผัง,เกรด,ออร์ต,เสด็จฯ,ออโรร่า,กลางแจ้ง,ลองจิจูด,เดคาเมตร,หมายเหตุ,เที่ยงคืน,จักรยานยนต์,กรรมกร,เทอม,พระเจ้าอยู่หัวฯ,อัลเบิร์ต,ควง,ฟรานซ์,ทางใน,สุนทรพจน์,ทยอย,ชื่อย่อ,ต้นๆ,โหม,ชั่ง,เสรีไทย,ซึง,ฮิปโป,ตัวตั้ง,การบูร,วัตต์,ตัวการ,เนนทัล,ทูลกระหม่อม,เภสัชกร,บัดนั้น,ป็น,เฉก,ย่อยๆ,เลนิน,อัลไซเมอร์,เฟื่องฟู,กระทู้,ไฟท์เตอร์ส,เกียรติประวัติ,โรงพิมพ์,เส้า,ตลับ,เรือใบ,ชิ่ง,ศัลยกรรม,ภาพลวงตา,คะเน,อธิกสุรทิน,คนใช้,วุฒิสมาชิก,เสนาสนะ,ทัก,สังเขป,พระนางเจ้าฯ,ตั้ม,เซลเซียส,ประจวบ,สมาคมฯ,ไตรมาส,น้องใหม่,เฮเลน,จุฬาฯ,มรณกรรม,ไอเดีย,ไฮบริด,โยโย่,คล่อง,ส้วม,ยิมนาสติก,พระเครื่อง,บราวน์,เรื่อ,แม่บท,ทองคำขาว,ดีไซเนอร์,ดีเปรสชัน,เร็วๆ,พอๆ,มัชฌิมา,โผน,คนกลาง,สถานีฯ,รับเหมา,เวลเตอร์,กระตุก,มอเตอร์ไซค์,พ่วง,ประปราย,ตวง,กิลด์,ผู้ใหญ่บ้าน,น้อยๆ,ชาร์ลอตต์,ระลอก,เสือป่า,เท่าตัว,พลุ,หลังๆ,นายทุน,ประสพ,เก่าๆ,ลิตร,อีสเตอร์,คุณศัพท์,สปีด,เชอร์โนบิล,ชีพิตักษัย,นามแฝง,ระยะๆ,ลิฟต์,พื้นเพ,แมรี,สรณ์,กระเจิง,ภาพนิ่ง,โบนัส,โปรดฯ,ลินคอล์น,แกรนิต,ล้วนแล้ว,ครอมเวลล์,มาราธอน,ช่างฝีมือ,สมเด็จฯ,ฌ็อง,แผนภูมิ,ซีดาน,แคมปัส,พันธมิตรฯ,มือหนึ่ง,คู่ครอง,ยนตร์,ทั้งคน,ทั่ง,ไทยรัฐ,วันเพ็ญ,รายล้อม,แฟลช,พฤษภา,ทำซ้ำ,มาตุภูมิ,คาเฟ่,เบนซิน,รัฐบุรุษ,นัดหมาย,อะพอลโล,รถสปอร์ต,ยอร์ดานส์,เฟอร์นิเจอร์,ทอย,คร่อม,แว่นแคว้น,ระเบียน,สวรินทิรา,ออร์แกน,นาโต้,พวกพ้อง,ลายเซ็น,ถาวรวัตถุ,ไตรภาคี,ลีด,ประทุน,วิคตอเรีย,อากัปกิริยา,กุนซือ,กษัตริยา,เบเนดิกต์,มนัส,กิโล,โปรโมเตอร์,พักพิง,ปฐมฤกษ์,สุนทราภรณ์,ครีเทเชียส,กรมท่า,มพลาร์,ล้าสมัย,เลเวล,วาที,มุสโสลินี,อุ่นเครื่อง,บริกร,โรงอาหาร,รถตู้,เนือง,ศัลยแพทย์,สหัสวรรษ,แม่น,พระสนมเอก,หม่ำ,นิรนาม,สโลแกน,เสียด,ประยุทธ์,เลสเต,กสิกร,เอาการ,ลินิน,๒,โคลัมบัส,ล่องหน,ทูนหัว,แอปเปิ้ล,เฉลียง,บริษัทฯ,ปาร์ค,วิภาวดี,นัท,รวมพล,ไอแพด,โหว่,หม้อแปลง,๑,หวย,ปิอุส,ฟเฟอร์,ปฐมวัย,ไห้,รูปถ่าย,ข่าวคราว,เท่าๆ,พอเหมาะ,รักษาการณ์,รัสเซล,หม่น,รโหฐาน,เซ็ท,แซลมอน,สปอนเซอร์,แทก,ผู้น้อย,อัลกออิดะฮ์,ห่างๆ,เจ้าบ้าน,เรลิก,ศาคต,เรสเซิลเมเนีย,โมโนเรล,กรัง,พักฟื้น,วงศ์วาน,นล,เจอร์ราร์ด,ดอลล่าร์,อยุ่,อลิซาเบธ,เข็มกลัด,ภาคเรียน,สายสัมพันธ์,ไลโอเนล,ก้,คับ,สาธารณภัย,มือเปล่า,นาว,นักขัตฤกษ์,ไอพอด,แม็ทธิว,พุ่มพวง,ผุ้,เดียนเบียนฟู,เพลย์บอย,โปรแกรมเมอร์,คติพจน์,พลาสม่า,เอเวอเรสต์,ฟาวล์,ปืนสั้น,เทิน,ฟิต,คิงส์คัพ,ศจี,แจ่มใส,เพาเวอร์,คลั่งไคล้,คู่กรณี,คึกคัก,โลกาภิวัตน์,ซิลิคอน,คาราวาน,มือสอง,แล็บ,ชีวิน,เผื่อ,ทิวงคต,อาลักษณ์,ลีดเดอร์,ฝีดาษ,ลูลูซ,เครื่องใน,โอห์ม,สภาฯ,หม้อน้ำ,มโหฬาร,พลัส,แสนยานุภาพ,สัจนิยม,สุรยุทธ์,โธมัส,ราวๆ,ศักยะ,ฮาร์ดดิสก์,ชีพจร,แพลทินัม,ขยับขยาย,สายใย,โจนส์,ดีกรี,จอมทัพ,ยืดยาว,เจ็ท,วรราชาทิ,พยุหยาตรา,ต้นเหตุ,ไคล,แม่ค้า,พาเหรด,คอลัมนิสต์,ซ้ำๆ,พันธุวิศวกรรม,อพาร์ตเมนต์,โฉนด,รูด,การบ้าน,ไวพจน์,เทอร์โม,ดรรชนี,คานธี,เจี้ยน,ตั่ง,ตุ้ม,อิเอะยะซุ,ระนาดเอก,เซิลยูไนเต็ด,ช็อต,เภท,จิตเวช,ไมโครโฟน,แมคอินทอช,มงฟอร์ต,ชาววัง,นาสิก,เส้นเอ็น,คอนโด,เทคโน,แอ๊คชั่น,ลูคัส,ฟ็อกซ์,ชลมารค,โนเกีย,เหลื่อม,เรเดียส,อูรดู,เรือธง,สเตจ,อ่อนๆ,สจ๊วต,พัดลม,เทวนาครี,ไนเจอร์,บอลลูน,แอ๊ด,อัลฟา,ตัวพิมพ์,ลำลอง,คร่าวๆ,อินดอร์,มอด,โปโลน้ำ,คณะฯ,เสาวภา,มิตซูบิชิ,โยะริโตะโมะ,คร่าว,วัดผล,กะทัดรัด,เจียระไน,เนื่อ,อนุโลม,มติชน,ประวัติการณ์,สือ,ฮุนได,กรอก,ต้นตอ,พู่กัน,เช้าตรู่,เปราะบาง,ซีเมนต์,สายส่ง,อะไหล่,ห้องชุด,เนสส์,อนัน,รำวง,ลูกกรุง,แคช,อิเควทอเรียล,นายหน้า,พารากอน,ธุรการ,ผิดๆ,ซิป,ศัพท,เบเกอรี่,สัมพันธภาพ,บอบบาง,เกาส์,มัทธิว,อาสาฬหบูชา,พิกเซล,เส้นสาย,โฮสต์,รายรับ,เนติ,รถกระบะ,เอกสิทธิ์,พอควร,ประชากรศาสตร์,พอยต์,โสกราตีส,เบียทริกซ์,ซึนาเดะ,ฮันเตอร์,เงื่อนงำ,ลูกเขย,อักขรวิธี,โปร่งแสง,ปลีกย่อย,อดีตกาล,หนี่ง,เซ็กส์,พอประมาณ,เอมส์,มารศรี,อำพล,ฟรันซ์,มาร์เซลลัส,ทรราช,อินพุท,กันลง,มณเฑียรบาล,สวัสดิภาพ,เอ็กแซ็กท์,ตัดทอน,สายพาน,โอบามา,ฟิชชั่น,บิดเบี้ยว,แรงม้า,บลูเรย์,ตั้ว,เมื่อย,กิจวัตร,เอเคอร์,ฟาล์ว,สินสอด,เปโดร,ดิถี,ป็อปร็อก,สเตฟานี,ได้ที,ล้ำหน้า,แซกโซโฟน,เสวนา,รถแข่ง,ชั้นๆ,หมกมุ่น,จตุรัส,รวมๆ,กุลสตรี,ดาวตก,เถ้าแก่,ตูน,ไททานิก,ออโรรา,ลูกไฟ,ดลใจ,เหล็กใน,ก๊วน,เซรามิก,มัชฌิม,จำนำ,ระเบิดมือ,งวด,แตรวง,กลั่นกรอง,ประดับประดา,แหละ,มาฆบูชา,พาณิชยการ,เชฟโรเลต,ไวท์,ห้องเครื่อง,ปริทัศน์,รูปพรรณ,เปลี่ยนมือ,บัตรเครดิต,โอเอซิส,เส้นชัย,บรรณารักษ์,ปูนซีเมนต์,ดั้ง,โวลต์,พต,๔,เพลงยาว,เข็มทิศ,ซีย์,เปี้ยน,รีไซเคิล,ปิโตรเคมี,โฉมหน้า,โคม่า,มาร์เวล,ศีลอด,เวมบลีย์,คิทแคท,เบอร์มิวดา,โสกันต์,ซูบารุ,อีซูซุ
89,การเมือง,ผู้นำ,ประชาธิปไตย,ปฏิวัติ,คอมมิวนิสต์,ปฏิรูป,นาซี,สังคมนิยม,ประชาธิปัตย์,นักการเมือง,ค้าน,ชาตินิยม,อนุรักษนิยม,เสรีนิยม,ราชาธิปไตย,ฟาสซิสต์,ทุนนิยม,มากซ์,คองเกรส,สมบูรณาญาสิทธิราชย์,จักรวรรดินิยม,ปัญญาชน,เดโมแครต,เชวิค,ฟุน,รีพับลิกัน
90,อังกฤษ,ญี่ปุ่น,ฝรั่งเศส,อิตาลี,เยอรมนี,สเปน,รัสเซีย,เยอรมัน,สหราชอาณาจักร,โซเวียต,อาหรับ,โปรตุเกส,อียิปต์,โปแลนด์,ออสเตรีย,เนเธอร์แลนด์,เดนมาร์ก,สวีเดน,อิสราเอล,บราซิล,กรีซ,ไอร์แลนด์,อิหร่าน,เม็กซิโก,เวลส์,อิรัก,นอร์เวย์,สกอตแลนด์,บริเตน,ตุรกี,ซีเรีย,เบลเยียม,ดัตช์,ฮังการี,ปาเลสไตน์,ปรัสเซีย,โรมาเนีย,ฟินแลนด์,ออตโตมัน,ยูเครน,บัลแกเรีย,เซอร์เบีย,ลักเซมเบิร์ก,คิวบา,ยูโกสลาเวีย,สวิส,เอธิโอเปีย,โครเอเชีย,สโล,บอสเนีย,เบลารุส,แอลเบเนีย,เซิร์บ
91,เกี่ยว,เหมือน,คล้าย,เกี่ยวข้อง,เทียบ,คล้ายคลึง,เปรียบเทียบ,สอดคล้อง,เห็นด้วย,เทียบเท่า,เท่าเทียม,เกี่ยวพัน,เกี่ยวโยง
92,มอง,แปล,อ่าน,วิจารณ์,ฟัง,ย่อ,สะท้อน,ขวัญ,ได้ยิน,วิพากษ์,ขาน,สะกด,ตีความ,แฝง,เดา,สรรเสริญ,ลือ,เร้า,สนทนา,ข่าวลือ,เพี้ยน,ล้อเลียน,ทาย,ตำหนิ,โต้ตอบ,ประณาม,แนะ,ปราศรัย,ย้ำ,สมมุติ,ประสม,เสียดสี,ลงท้าย,อุปมา,รับฟัง,เฉลย,ใบ้,แย้ง,ดูถูก,สอดแทรก,บิดเบือน,แผลง,สดับ,โกหก,สมญานาม,ชมเชย,ปรากฎ,ทักทาย,ดูหมิ่น,สมญา,ปลุกใจ,ร่ำ,กล่าวขวัญ,หยิบยก,สาปแช่ง,กล้ำ,ส่อ,อุทาน,หยาบคาย,กล่าวโทษ,พาดพิง,บอกกล่าว,เหยียดหยาม,ชี้แนะ,ทัดทาน,เล่าลือ,ติเตียน
93,หลัง,เลื่อน,ลาออก,ยุบ,พ้น,ถอด,ปลด,เรียกตัว,ปล่อยตัว,เนรเทศ,ไล่ออก,ถอดถอน,เปลี่ยนตัว,ตัดขาด
94,พบ,ต่อสู้,สู้,เจอ,ปะทะ,เผชิญ,เผชิญหน้า,ประลอง,รับมือ,ต่อกร,พัวพัน
96,ดี,ทางการ,ยิ่ง,เต็ม,สมบูรณ์,หนัก,รุนแรง,ขวาง,ง่าย,รวดเร็ว,ชัดเจน,อิสระ,ถูกต้อง,โดด,ละเอียด,ชัด,แพร่หลาย,ยิ่งใหญ่,แน่นอน,ถาวร,ช้า,เสรี,มหาศาล,จริงจัง,เด็ดขาด,สม่ำเสมอ,ลึกซึ้ง,สันติ,สิ้นเชิง,เบาบาง,เคร่งครัด,ยั่งยืน,เข้มงวด,ง่ายๆ,กะทันหัน,ระมัดระวัง,โดดเดี่ยว,ง่ายดาย,พลัน,เอกฉันท์,ลงตัว,คล่องแคล่ว,ฉับ,ครบถ้วน,ทั่วถึง,เร่งด่วน,ยิ่งยวด,ดุเดือด,ราบรื่น,ลับๆ,รูปธรรม,รอบคอบ,ช้าๆ,ราบคาบ,คับคั่ง,หนักหน่วง,โหดเหี้ยม,แน่นหนา,แข็งขัน,ยับเยิน,เงียบๆ,ล้นหลาม,ย่อยยับ,เหนียวแน่น,ท่วมท้น,แน่นแฟ้น,เชื่องช้า,เหลือเชื่อ,หลวม,กว้างๆ,สูสี,แนบแน่น
98,จะ,ว่า,ไม่,ก็,แต่,เมื่อ,หรือ,แล้ว,ต้อง,อาจ,ก่อน,เพียง,เพราะ,เคย,มัก,เรา,คง,น่า,ใด,เท่านั้น,ถ้า,หาก,พอ,เลย,เกิน,เท่า,ใช่,ควร,ใคร,บ้าง,อะไร,ค่อย,แค่,อยาก,ซ้ำ,ฉัน,แทบ,ไหน,ทว่า,ใดๆ,ดูเหมือน,แต่ว่า,แน่ชัด,ฉะนั้น,เว้น,สมควร,ข้าพเจ้า,เจาะจง,จริงๆ,แน่,กระนั้น,เท่าใด,เมื่อใด,รู้ตัว,เท่าไร,ไหร่,ที่ไหน,ยุคมืด,ยังไง,หรอก,ข้อแม้,เมื่อไร,ทีท่า
99,นี,ดอน,เรีย,ลู,อัล,ซู,เน,คัส,เตอร์,เดอร์,เซียน,บู,เต,ฮี,ออร์,ฮัน,เบล,ซัน,เนีย,มู,เธอร์,มาร์,อัส,พิ,เมอร์,ไล,ไฮ,ดี้,เฟ,ฟี,ตี้,ไม,ต้า,ทิ,การ์,ธี,คี,เว,ปิ,เนอร์,เช,เป,นู,เมล,เทอร์,นัส,เดีย,ลน,ลัม,อิม,ซัส,เชอร์,ดาร์,เออร์,แม็ก,ไบ,วาร์,ดาม,กัส,เบิล,นัม,เลอร์,ดิส,ญา,ฮู,เนียม,ดอร์,เพอร์,กอร์,เรน,ฮาร์,ดัส,ชั่น,ลิด,ฟิ,ลาร์,ธา,วิส,สมี,ราห์,ด้า,คิน,ฟอร์,อิล,อส,วู,วิช,เนส,ลโล,อัม,เนต,ทัส,ไนต์,แน,เธ,เบท,เวีย,ดัม,เรียล,ดาห์,เฟน,ลเดอร์,นัล,โด้,ดอล์ฟ,ลอยด์,รัล,สโตร,เชี่ยน,รซ,เทีย,เกิล,บอร์,เรส,ทิส,นัว,เรนจ์,ดัล,มิกส์,เรล,ไรต์,ลเลอร์,เบิร์ก,ทอร์,โน่,เด็น,อล,ปาร์,เฟร,เลต,เวียร์,นาร์,ตัส,ฟิน,ไทป์,ดิช,เรียส,ลอร์,ฮีด,กัสตัส,เยอร์,ทัล,ทาร์,อฟ,เดียน,แวร์,โลเนีย,เคีย,แนล,เชียน,กซัน,สเฟียร์,ฟาร์,กโซนี,โธ,ซอร์,ทิล,ลลิน,เคิล,กัสติน,นเรียต,เน็ท,อนต์,ไลต์,วี่,นิสต์,พัล,เวอ,แตร์,ดิล
100,น้ำ,ไฟ,ลม,เย็น,หลุม,สะสม,เผา,แห้ง,ก้อน,ทราย,บ่อ,น้ำแข็ง,พัด,เศษ,ภูเขาไฟ,ปน,โพรง,ตะกอน,แดด,โคลน,หิมะ,เตา,แน่น,หลอม,พ่น,กัก,ฟอง,เหนียว,ธรณี,กร่อน,ตื้น,ขยะ,ละออง,โป่ง,เปื้อน,ถ่ายเท,ควัน,กระแสน้ำ,หมอก,เน่า,อุ่น,แข็งตัว,หินปูน,สะเก็ด,อ่าง,แช่,อำพัน,น้ำพุ,ด่าง,เดือด,ถ่าน,ถม,หยด,หนืด,ปล่อง,เซาะ,คราบ,ขุ่น,พอก,เปียก,ผุ,น้ำเค็ม,สกปรก,กรวด,ธุลี,เถ้า,อุกกาบาต,ลาวา,อัคนี,รั่ว,คาย,ทับถม,โขด,ข้น,ปรอท,เปื่อย,พรุน,ร่วน,ตกค้าง,กลบ,หลอมเหลว,สนิม,น้ำบาดาล,จุ่ม,น้ำเกลือ,บะซอลต์,ควบแน่น,กระแสลม,เยือก
102,เพลง,วง,อัลบั้ม,ศิลปิน,ซิงเกิล,คอนเสิร์ต,ชาร์ต,บทเพลง,เกิ้ล,อัลบัม
105,พิธี,ถวาย,ครบ,เฉลิม,บุญ,ฉลอง,ประเพณี,บูชา,เทศกาล,สวด,กุศล,อัญเชิญ,บำเพ็ญ,อนุสรณ์,มนต์,พิธีกรรม,แห่,พรรษา,แด่,แจก,ราชาภิเษก,สักการะ,ไหว้,นมัสการ,ของขวัญ,ทำบุญ,สมโภช,พิธีการ,คริสต์มาส,สักการ,ธงชัย,ฤกษ์,ธูป,สรง,มื้อ,วันพระ,กฐิน,สดุดี,สงกรานต์,สังเวย,วิสาขบูชา,กระทง,ไว้อาลัย,บวงสรวง,ประโคม,ตักบาตร,ปลุกเสก,ศีลจุ่ม,รื่นเริง,ไว้ทุกข์,ภัตตาหาร,ตรุษจีน,ตรุษ,เวียนเทียน
106,สมัย,ยุค,คริสต์ศตวรรษ,ทศวรรษ,ศตวรรษ,พุทธศตวรรษ
107,เลือกตั้ง,เลือก,สนับสนุน,ตอบ,แต่งตั้ง,ยอมรับ,เชิญ,คัดเลือก,อนุญาต,รับรอง,ยกย่อง,อนุมัติ,ฉายา,มอบหมาย,ชักชวน,โหวต,ทาบทาม
108,เพื่อ,ประชาชน,จัดการ,โครงการ,ท้องถิ่น,ประโยชน์,เทศบาล,ศูนย์,ชุมชน,กิจกรรม,ส่งเสริม,เกษตร,สาธารณะ,เอกชน,ทรัพยากร,แรงงาน,บำรุง,มูลนิธิ,อนุรักษ์,เพาะ,เกษตรกรรม,ชนบท,เหมือง,บุคลากร,ประมง,ส่วนกลาง,ประชาสัมพันธ์,นิคม,กองทุน,สหกรณ์,อนามัย,ยูเนสโก,บรรเทา,เกษตรกร,สุขาภิบาล,ประหยัด,หมุนเวียน,มหาชน,ชลประทาน,ฟาร์ม,โทรคมนาคม,เสริมสร้าง,สวัสดิการ,ผลิตผล,สงเคราะห์,ใช้สอย,พอเพียง,นิติบุคคล,ปศุ,สาธารณูปโภค,บูรณาการ,ศุลกากร,สัมมนา,ประปา,สร้างเสริม,อุปโภค,กสิกรรม,สาธารณประโยชน์,วิสาหกิจ,เร่งรัด,น้ำประปา,นันทนาการ
109,รวม,หมาย,บ่ง,ระลึก,คำนึง,รำลึก,ที่หมาย
110,เนื่อง,เชื่อม,กระทำ,อิทธิพล,กระทบ,รับผิดชอบ,สนอง,อันตราย,ขัด,ภักดี,ทน,วินาที,สาธารณชน,กดดัน,คุกคาม,สาน,อุปสรรค,เอื้อ,ทรยศ,ทนทาน,สวามิภักดิ์,ปฏิปักษ์,กระเทือน,รับช่วง,เพิกเฉย
111,บัน,ปัน,ญ,เชน,ฮัม,พู,คริสต์ศักราช,นิด,อาน,ตัม,กรี,เลา,ตระ,อัก,เรียม,ศก,เบียน,อารี,มาร์ช,เฟเธอร์,ฮก,กัว,ทอน,บูร์,อาลี,ปัว,แซ็ก,เยน,บัก,ตาน,วีน,ซัม,เบีย,ไบต์,โซโลมอน,มีนา,เล็ม,ชิม,ชาล,ดาล,เนา,อัค,มาตา,ดก,ดาน,ตาร์,เวส,อันโต,ลาม,สตู,งัน,กุก,กาน,ลาบ,ชี่,วารี,ฮับ,มัม,พอน,นัง,พิน,เฟรนช์,เกส,ซีซาร์,กูด,อัป,จาร,บาด,เจะห์,ยิบ,โนรา,หว่าง,ลพ,ฮัด,สโตรนี,ทัง,กาลี,นาด,เอียน,เมียร์,เร่,หว่า,พัต,เปก,เตีย,โฟล์ก,ซ็อง,สุไหง,ฮันน์,ทรัส,ยัก,ปอม,ซูการ์,พาลี,มูร์,มัค,โปร์,โฮร์,ษตราธิ,กัม,ปุย,ปัส,เหม็ด,ลิบ,เม็ง,ไทต์,ลิว,เบร,ตุล,ฟรันซิส,นนี,บาก,เจียม,ญญา,อาห์,โฟล์ค,วูด,เนม,กิระ,ลัว,ก้าง,ซาว,ฮัต,โปโล,เซ่,เลย์,ลตาร์,นดอร์,ฟรานเชส,โลกา,เปอ,อตต์,มัล,ซัว,หลัว,ฮัก,ดาย,ลอว์,ลูป,ว่,ธาน,เชา,ลัวส์,ชเว,ยามะ,ซูล,เมิน,หิ,ดะห์,นารา,วินเซนต์,อาระ,ลัล,ซอม,รพ,รุด,โลม,ตุน,เดก,โปน,โมรา,บั๊ก,เคียน,เซียร์รา,กช,ดูรา,ซูลู,สุเหร่า,กอก,ดอส,ฮอลล์,แพ็ก,แพลน,แนน,รท,ราวี,ตาลุ,มีร์,กือ,ริ่ง,รุน,เซิง,เลียง,ตูร์,ดิง,คัป,ซูฮาร์,ณฑพ,มูเอล,เค็น,สปาร์,ทูน,ปิก,ฎ,ยส,เลโอนาร์,มฟิส,ฮุน,ฟรังซิส,ไหหลำ,แซ็กซ์,ถาน,ฮุส,เช่,ดัว,ปัล,แค้,ดัวร์,แล็ง,ปอน,ยอก,เกเร,เอย์,ยะฮ์,เบิร์ท,โตรก,เดร์,เตส,เลป,ปาร์ต,ฮัว,โรดส์,นโซลเลิร์น,งป,เลฟ,เวต,กัษ,ฆ,ยอร์,อัซ,ซาด,แซร์,รุสเซีย
115,ทาง,สาย,สถานี,ถนน,ท่า,เดิน,รถไฟ,เส้นทาง,สะพาน,ขนส่ง,ทางหลวง,วิ่ง,ขบวน,รถไฟฟ้า,กิโลเมตร,ด่าน,กั้น,คมนาคม,ราง,โดยสาร,เมตร,สนามบิน,จราจร,จักรยาน,อ้อม,ปลายทาง,อุโมงค์,เลี้ยว,สี่แยก,แล่น,ล่อง,ฟาก,โทรเลข,ทางออก,ด่วน,สัญจร,เลียบ,ชานชาลา,ไมล์,ลอด,วงเวียน,เกวียน,คบเพลิง,ทางด่วน,รถราง,แท็กซี่,ทางผ่าน,ขับขี่,ดาดฟ้า,รถม้า,รันเวย์,ลาดยาง,รถเมล์,เรือโดยสาร
116,จุด,วัตถุ,เส้น,เลข,ขั้นตอน,ตาราง,ทิศทาง,มิติ,ฟังก์ชัน,ตัวเลข,เซต,สมการ,กราฟ,คูณ,พิกัด,ผลลัพธ์,ตัวแปร,ปม,โดเมน,อัตราส่วน,เมทริกซ์,อักขระ,บิต,โครโมโซม,เส้นตรง,ระนาบ,พจน์,ปริภูมิ,ตัวประกอบ,เวกเตอร์,ทฤษฎีบท,ประพจน์,เศษส่วน,อินพุต
118,แสดง,เขียน,ร้อง,ดนตรี,แต่ง,ประพันธ์,วาด,เต้น,พากย์,บรรเลง,กีตาร์,เรียบเรียง,เปียโน,เต้นรำ,ไวโอลิน,พากษ์
119,ไป,ถูก,พวก,ตาย,ร้าย,ลับ,ไล่,โดน,ประหลาด,ชั่ว,ผี,ลอบ,โชค,เบื้องหลัง,โจร,ปริศนา,ชะตา,กันเอง,พราน,บ้า,บังเอิญ,รพินทร์,สาหัส,แก๊ง,ไอ้,ลาง,เคราะห์,ลวง,จ่า,ลงมือ,พรรคพวก,รุม,ตัวประกัน,สายลับ,ล่อ,ลักลอบ,ชนวน,ซุ่ม,อาชญากร,ฆาตกร,ยาพิษ,คลั่ง,พลัด,นักเลง,เร่ร่อน,องครักษ์,ปอง,อาละวาด,ป่วน,ผู้ร้าย,จ้อง,ตี๋,เถื่อน,เล่ห์,มาด,มาเฟีย,ผู้คุม,มือปืน,พิฆาต,แหก,วิวาท,สารวัตร,โหด,ตรัย,บ่อน,อันธพาล,พลาดท่า,แก๊งค์,ผ้าเหลือง,บ่วง,น้ำมือ,กระหน่ำ,เบาะแส,อาฆาต,บงการ,เข่น,เสี่ย,รังควาน,ชุลมุน,ผีดิบ
121,ยา,อาหาร,เนื้อ,รส,ข้าว,นม,ขนม,เมล็ด,กลิ่น,น้ำตาล,ผัก,หวาน,หอม,ผลไม้,ดิบ,แป้ง,กาแฟ,สุก,ถั่ว,ส่วนผสม,เม็ด,รสชาติ,สมุนไพร,ผง,บุหรี่,สุรา,เหล้า,แกง,ไส้,ไวน์,แอลกอฮอล์,เบียร์,เปรี้ยว,ขวด,ครีม,พริก,เนย,ซอส,ภัณฑ์,สรรพคุณ,เค้ก,เครื่องเทศ,ผัด,ขม,ตำรับ,เค็ม,กาก,ข้าวโพด,น้ำยา,ทุเรียน,องุ่น,กรรมวิธี,ปุ๋ย,กระป๋อง,ซุป,สบู่,ข้าวเหนียว,น้ำพริก,คั่ว,อร่อย,ช็อกโกแลต,เผ็ด,กับข้าว,มะเขือเทศ,ไอศกรีม,เครื่องปรุง,บะหมี่
122,มนุษย์,ร่าง,พลัง,มืด,วิญญาณ,เกราะ,ปีศาจ,การ์ด,ย่า,หุ่นยนต์,อัศวิน,นักรบ,เวทมนตร์,แหวน,มาร,ลอร์ด,นินจา,เผ่าพันธุ์,อสูร,โกลด์,กุญแจ,เอลฟ์,ซามูไร,โจรสลัด,ผนึก,อุลตร้า,ยมทูต,ฮีโร่,แม่มด,เลี่ยน,เส้าหลิน,ปิศาจ,สายเลือด,จิ้งจอก,เวทย์,ลเดอมอร์,กังฟู,แวมไพร์,ฮอกวอตส์,ภูต,ดัมเบิลดอร์,สมุน,เดิลเอิร์ธ,พลังจิต,เท็ม,มอนสเตอร์,เบจิต้า,พิค,อิคคิ,วายร้าย,คล็อธ,ฮอลโลว์,ราชันย์,เบาท์
123,มา,เขา,ไร,เซ็น,บิล,มี่,อด,เคน,ไก,ไลท์,เกอร์,แอม,กัปตัน,คิง,บัส,โคล,แพน,น็อค,แซม,บิ๊ก,เฮฟวี่,โรล,ไบร,เรย์,น็อก,ตเตอร์,เชเรนคอฟ,โปเกมอน,รอว์,พังก์,ลีย์,เซิล,แทค,แบล็ก,ลุย,ลุค,เชฟ,คริส,เนล,บี้,บิท,มิสเตอร์,เช็ค,วิง,เนียล,แจ็ค,จิม,คริสตัล,ฮัง,คู่หู,คลาร์ก,ทิม,ฟี่,คู่ปรับ,เซย์,บอนด์,โรว์,แมทช์,เลดี้,โดราเอมอน,อันเดอร์,คิก,ม่อน,ปลิจูด,กริด,แซง,ไมค์,ซิลเวอร์,เดิล,นีย์,เม็ก,คาราเต้,อลิซ,เดิมพัน,ชอว์น,ชีลด์,เฮย์,ฟิลด์,แนช,บอดี้,โจน,วล,โฟร,สมิธ,เทรนเนอร์,แบ็ค,เบลล์,ต้าร์,แจ็ก,วอร์,อ้อน,มง,เลี่ยม,เยิร์น,อธรรม,เมย์,แลบ,น่อน,โทมัส,บ็อก,วาเลนไทน์,เจย์,เกรย์,เรก,ช็อค,สกอร์,นาร์ด,แคมป์,ดาร์ธ,สไตรค์,แจม,ออโต้,วิค,ซิกก์เลอร์,บัค,เอดจ์,ซันเดอร์,เร็น,แกร์,ร็อบ,กอร์น,ด็อก,สแตนด์,เรสต์,เชส,กิล,โจ๊ก,เชมัส,เร็ตต์,เนลล์,พาล,เวเดอร์,บีย์,เลสเนอร์,โซโล,สตีฟ,วอล์ค,ลูเคีย,ฟอล,แซด,ยิป,ลาส์,เล็กซ์,ตอม,แมวมอง,จอร์,โดว์,เรฟ,นีล,โรนัลโด,มาสค์ไรเดอร์,เฟท,เทลส์,ตนิส,ไอซ์,สไปเดอร์,กริม,เฮอร์ไม,คอร์ส,เคลียร์,ลเตอร์,เนียร์,ซุส,เบิ้ล,พิงก์,วงะ,เรนเจอร์,รนัส,แมร์,เกด,อเล็กซ์,เพิร์ล,ตนัมฮอตส,ดอกเตอร์,ตะลุย,มอนด์,แทมป์,อตซิล,ซูซาน,แคลร์,ฮิลล์,เบอร์รี,กเตอร์,เร็ก,ลช,บริท,ทัช,เซนส์,กิส,ออร์ค,ด้อม
124,โรค,อาการ,ภาวะ,หัวใจ,สาเหตุ,ผู้ป่วย,บาดเจ็บ,พิษ,มะเร็ง,เจ็บ,ป่วย,ไวรัส,ปวด,ไข้,อักเสบ,ทารก,บำบัด,ระบาด,คลอด,ผ่าตัด,คนไข้,วาย,ประชวร,วัคซีน,หวัด,ภูมิคุ้มกัน,เนื้องอก,พยาธิ,เรื้อรัง,บวม,บาดแผล,เฉียบพลัน,มาลาเรีย,แทรกซ้อน,เอดส์,เบาหวาน,ประจำเดือน,เชื้อโรค,อัมพาต,ช็อก,วัณโรค,โรคจิต,ผื่น,อาเจียน,อาพาธ,หืด,ภูมิแพ้,อหิวาตกโรค,กาฬโรค
125,ชก,มวย,เวท,มวยสากล,มวยปล้ำ,มวยไทย
126,เอก,ตรี,สม,ศักดิ์,กร,ประ,ภูมิ,ณ,สิริ,กิจ,นนท์,มิตร,ยุทธ,เดช,พงษ์,กุล,รัตน์,พระครู,วัฒนา,พันธ์,มณี,ศิ,ศาสตร,พงศ์,สุนทร,ราษฎร์,สห,นางสาว,สุทธิ,นพ,หม่อมราชวงศ์,เกษม,อร,ทิพย์,นรา,สิน,คีรี,ชล,เรือง,ฉัตร,เวช,นิติ,อภิ,โยธิน,จุล,สร,ประเสริฐ,ชาญ,วุฒิ,กัลยา,พัช,ลฯ,นาวา,สิริกิติ์,สวัสดิ์,วิทย์,พหล,ข,ทิพ,ท่านผู้หญิง,วีระ,ศาส,ปิ่น,ณิ,พิมาน,ภาณุ,สุขุม,ธานี,วงษ์,รุ่ง,พิทยา,นทร์,โชติ,จินดา,ธร,ถนอม,จิตร,วรรณ,ติณ,ภิ,ธนา,ณรงค์,ปกรณ์,กิตติ,อุบล,หม่อมหลวง,โสภา,พูน,พิบูล,เปรม,เพ็ญ,ทัต,ณี,วัฒน์,รณ,นภา,บดินทร,ไพศาล,ธน,วัช,รามา,นว,อรรถ,วลัย,ประสิทธิ์,จตุร,โสภณ,สรรค์,มาศ,ปรีดี,เวร,พัฒ,ษี,พัฒน์,สนธิ,เศรษฐ,สมาน,วชิร,ธาดา,สัม,ขุ,กัญญา,อำ,ชวร,พัณณ,รมย์,กาญจนาภิเษก,วิเชียร,ขจร,ยวง,รณี,นุช,ตร,ภรณ,ผ่อง,ษา,ภิรมย์,ภรณ์,รำไพ,ถ,พิพัฒน์,โส,ธีร,นริศ,ศุภ,ทธา,พิศ,วิมล,เทวา,อุดร,ภัทร,ผดุง,ธัญ,พัฒน,กรณ์,หทัย,สฤษดิ์,วิชัย,สวัสดิ,สังวร,วุธ,ชินวัตร,วัณ,วนา,ชาตรี,จารุ,รัตนา,อาภา,จุฑา,วชิราวุธ,พินิต,เกตุ,รังสรรค์,ศิล,ชาต,ธุ,คร,ยุคล,นิจ,อรรค,ชวลิต,วัลย์,ปิยะ,วโรรส,ไพร่,อมร,วนาราม,อุทัย,อนันต,สีห์,เขม,มาตุ,บดินทร์,สกล,อิทธิ,นราธิป,พนัส,ไลย,โรจน์,อุรุ,เจิม,ทรา,อุทุมพร,วิบูลย์,หาม,เกรียงไกร,นันท์,ไพบูลย์,ษฏร์,ชนา,จัตวา,นิธิ,วิชิต,พยุหเสนา,บริพัตร,ดิษฐ,นิเทศ,ภ,สุรนารี,ธวัช,สุชา,ฐ,พิศาล,ฤดี,รวี,จรัส,บรรหาร,รพี,ฤทธิ,ทุม,ดิลก,กิตติคุณ,เจษฎา,บริรักษ์,เกรียง,เมธี,จุฬาภรณ์,รณา,เพ็ชร,วิไล,วิสุทธิ์,ธิปไตย,พนา,ขัตติย,เสนีย์,ไสย,ประยุร,หริ,ถวิล,คึก,หิรัญ,คช,ชีวะ,จิตต์,กนก,ยมราช,ปฏิมากร,บุนนาค,ณา,เนวิน,สันต์,โมลี,ศาตร์,เพชญ์,สุริยา,จักษุ,จางวาง,เทเวศร์,เกริก,สุทธ,ฆาต,ขรัว,ฉวี,หัต,สินี,ธรา,ณุ,เสนาะ,อาชญา,วรรณา,เสนี,นุกูล,ดิฐ,เมธา,จรัญ,อดุล,วิวัฒน์,ณย,กมล,มุทรา,เธอฯ,ภัค,บรร,ขัต,บุษบา,ไกรสร,พงศา,ภูวนาถ,นเรนทร,ทีปังกร,วาทย์,ภูเบศ,นิภา,ณัฐ,เอี่ยม,ศุข,อานันท์,ภัท,มหาว,ชยา,อมรินทร์,ธนะ,ทวิช,เสพย์,นวมินท,ไพโรจน์,ดิเรก,หัส,พิทย,ธานินทร์,ไสว,นันทน์,อลงกรณ์,กฤษณา,พิมุข,ฤๅ,ประเวศ,บริบาล,เทพา,อัฏ,ภาคย์,วาปี,เดชน์,ศิริ,วย,นุสรณ์,พฤฒิ,ประศาสน์,พุทธิ,รัตนะ,งกูร,พฤกษ์,พิริย,สัญญ,ธัช,วิกรม,ปรีดา,ปิย,มตะ,นิตย์,จรูญ,ภาส,ตติย,มาตย์,วิศิษฏ์,มานิต,พรหมา,สิทธ์,นิชย์,ธิป,ศศิ,บงกช,เศวต,ดรุณ,ศักดา,นรินทร์
127,ราช,นคร,บาท,อาทิตย์,ธาตุ,จันทร์,ที่นั่ง,มหาราช,กรุณา,มงกุฎ,ตำหนัก,ราชโองการ,เนตร,นารายณ์,ภูมิพล,คลัง,โกศ,หัตถ์,เบื้อง,เมรุ,ปรมินท,ราชูปถัมภ์,ราชานุญาต,อินทร์,ชนมพรรษา,พักตร์,ฝาง,อัฐิ,มงกุฏ,ปรมาภิไธย,เศียร,ราชฐาน,ราชกรณียกิจ,สารีริกธาตุ,ธรรมราชา,โอรสาธิราช,มรกต,ศิวะ,บรมธาตุ,โอรสาธิราชฯ,มหาอุปราช,ศอ,เกี้ยว,อิริยาบถ,วิมาน,กระยาหาร,โขนง,ราชานุสาวรีย์,วิษณุ,ราชลัญจกร,เกศา,ไตรโลก,สรีรางคาร,ราหู,นามาภิไธย,ราชกิจ,ราชหัตถเลขา,ขรรค์,กรณียกิจ,พลานามัย,ราชรถ,อิศวร,ปรเมนท,ฉายาลักษณ์,บรมอัฐิ,กรรณ,เศวตฉัตร,สุเมรุ,เดชานุภาพ,ประแดง,เมรุมาศ,มหาอุปราชา,สุรัสวดี,กาฬ,กฤษณะ,สุพรรณบัฏ,ราเมศวร,ราชินูปถัมภ์,โพธิสมภาร
129,ร่วม,เช่น,ตรง,พร้อม,ติด,คู่,รู้จัก,ติดต่อ,ตกลง,แต่งงาน,ประสาน,ขนาน,สลับ,คุย,ผสมผสาน,สมทบ,ซ้อน,ดั้ม,หย่า,ถกเถียง,บรรจบ,คุ้น,ควบคู่,พ้อง,พิพาท,หมั้น,ผลัด,พบปะ,คบหา,ปฏิสัมพันธ์,สนิทสนม,ทะเลาะ,คบ,หารือ,เซ็ง,พร้อมๆ,โต้เถียง,ผสาน,แยกย้าย,ปะปน,ทับซ้อน,คล้ายๆ,พร้อมใจ,ประชัน,บาดหมาง,ไล่เลี่ย,เลิกรา,ลงรอย,ผลัดเปลี่ยน,เทียบเคียง,คืนดี,ลดหลั่น,ซ้ำซ้อน,คละ,ปากเสียง,คาบเกี่ยว
130,ต่อ,ถึง,ตั้งแต่,กลาย,ตลอด,นาน,กระทั่ง,จบ,เหลือ,หมด,หยุด,สิ้นสุด,เกือบ,หาย,สวรรคต,เรื่อย,ยุติ,เลิก,ว่าง,สูญ,ถอย,ย้อน,เรื่อยๆ,จม,ล่มสลาย,พัง,เสื่อม,ร่วง,พลิก,อ่อนแอ,เสร็จสิ้น,เกษียณ,แย่,นวม,ตกต่ำ,ผลาญ,ทลาย,สูญหาย,ค่อยๆ,หายตัว,ล่วง,ทรุดโทรม,จวบ,ชะงัก,ชำรุด,ทรุด,สาบสูญ,เสื่อมโทรม,ฟื้นตัว,ล่ม,ลุกลาม,ย่ำแย่,พินาศ,ถดถอย,แตกหัก,วางมือ,เสื่อมถอย,เลือน,ทัณฑ์,สูญสิ้น,ปิดฉาก,ซบเซา,ล่วงเลย
131,เสีย,คืน,สิ้น,ประหาร,สละ,ปลง,ได้เสีย,ฟื้น,พลี,บั้นปลาย,ชุบ,คร่า,ปลิด
132,เห,เทียน,ห,ฮั่น,โจว,อู่,จู่,ตง,อี้,เจียง,หมิง,หยวน,ซื่อ,เต้า,หนาน,ฮ่องเต้,หวง,ไท่,หลิว,จิ้น,เหลียว,อ๋อง,ฉิน,อู๋,ฉาง,ไห่,หลิน,กว่าง,ซาง,หง,อี๋,ฟาง,ผู่,โชซ็อน,เฉียว,ผิง,เสฉวน,เฉิน,ไต้,ฮุย,ไป่,เฉา,เฉียน,ซือ,ลิ้ม,จิ๋น,หย่ง,ฉี,หนิง,เซี่ย,เสี่ยว,หวู่,ฟง,จี๋,เซียง,หม่า,กุบ,ไป๋,เล่อ,เจ๋อ,เจิ้ง,เฉิง,ไลข่าน,เก๊ก,ฉู่,เฟย
133,ชิ,จิ,ระ,กะ,มะ,ฮิ,นะ,ยะ,คุ,กุ,รุ,ตะ,กิ,ซะ,อิ,วะ,ชู,ได,โกะ,มุ,ชิน,คะ,ดะ,โตะ,สะ,โช,ฮะ,ทะ,สึ,คิ,โร่,ฟุ,เรียว,เกะ,งา,เคียว,งะ,โอะ,โระ,โนะ,บะ,เก็น,ม่า,โยะ,ซึ,งิ,เอะ,ซุ,จุน,ยามา,โฮะ,งุ,เบะ,เนะ,หฺ,โดะ,โงะ,โมะ,โง,เงะ,กะวะ,เซะ,โมะโตะ,ฟูจิ,เดะโยะ,โทะกุงะ,โทะ,เท็น,สตาฟ,โอะกิ,ฉะ,อุระ,เดะ,เคย์,เอ็ง,โชกุนโทะกุงะ,ฉิ่น,โคะ,เระ,ฮน,ชิชิ,โซะ,อินุ,ชิระ,โบะ,งะซะกิ,ซึกิ,มัตสึ
135,ศรี,หลวง,พระยา,ราม,ขุน,เจ้าพระยา,ไชย,หมื่น,ภู,ท้าว,พญา,บวร,นุ,รักษ์,ทร,วดี,สุดา,ชานุ,สุวรรณ,เสนา,พิชัย,ษ,ทศ,เสน,ไกร,สุพรรณ,อำมาตย์,พิพิธ
136,ทรง,สมเด็จ,มหา,วงศ์,บรม,โปรด,เกียรติ,วร,เจ้าฟ้า,เกล้าฯ,พระองค์เจ้า,พร,ประสูติ,อภิเษก,ทูล,หม่อมเจ้า,เสก,บดี,เจ้าจอม,พระนางเจ้า,อดุลยเดช,ส่วนพระองค์,เสวย,ภคินี,อภัย,นาถ,บังคม,หล้า,ชายา,ชันษา,นันท,ประยูร,นภาลัย,วโรกาส,พระคุณ,บรรทม,ราชาธิราช,รามาธิบดี,อัยยิกา,เชษฐ,ฉือ,ประสูติกาล,วัท,มาดา,เทิด,เอกา,เพท,สัมพันธ,สุริโย,อภิบาล,โอษฐ์,ปราบดาภิเษก,ลักษมี,ทัย,ปิตุจฉา,กำนัล,อิศริย,มหาเทวี,มาตุจฉา,ยุพราช
137,กับ,ให้,ด้วย,เข้า,ทำให้,แทน,แก้,ไร้,ห้าม,ติดตาม,รอด,ยกเว้น,คุม,เลี่ยง,หลีก,ทาส,คัดค้าน,ปราศจาก,ล่วงหน้า,ทรมาน,รอดชีวิต,ระวัง,ตอบโต้,ยั้ง,ปลุก,พึ่ง,กุม,ขู่,เสพ,โกง,ยุ่ง,พึ่งพา,ละทิ้ง,นำพา,ปริยาย,ปกปิด,ฉวย,ละเลย,นำทาง,คุ้มกัน,ขจัด,ต่อรอง,ต้องหา,ชักนำ,ปลอด,กีดกัน,สรรหา,กดขี่,หนุน,ไถ่,ข่มขืน,ทารุณ,ริบ,จงใจ,เบิก,ทวง,หลอกลวง,ปิดบัง,รับประกัน,รั้ง,ผูกขาด,แบ่งปัน,อำพราง,เชื่อฟัง,ข่มขู่,ก่อกวน,รวบ,ผูกมัด,กลั่นแกล้ง,ตามใจ,เก็ง,ชดใช้,ล่าม,คลี่คลาย,ทอดทิ้ง,ประนีประนอม,ไกล่เกลี่ย,ชี้นำ,เยียวยา,ปรปักษ์,ข่มเหง,บดบัง,ด้าว,เบียดเบียน,ดิ้นรน,ข่ม,มอบตัว,ข้อง,ขัดขืน,หลอกล่อ,ลงเอย,สมคบ,ลบล้าง,หนุนหลัง,ล้วง,รังแก,ป้อง,โจรกรรม,ชักจูง,เลี้ยงชีพ,รู้เห็น,ฝักใฝ่,ช่วงชิง,เปิดโปง,ฟุ่มเฟือย,เคร่ง,ละเว้น,หลั่งไหล,เยี่ยง,ตรวจตรา,คบคิด,ยืนกราน,ล่อลวง,สยบ,หันเห,เฆี่ยน,ตักเตือน,เลือกสรร,นอกรีต,ผ่อน,ปลุกระดม,รุกล้ำ,ผ่อนปรน,แก้ตัว,กำบัง,งดเว้น,ปล้นสะดม,พราก,เรียกคืน,แก่งแย่ง,อ่อนน้อม,เอาเปรียบ,อัตวินิบาตกรรม,ล่วงละเมิด,ปลดแอก,หักล้าง,ปลอมแปลง,ทำแท้ง,แปรพักตร์,เข็ญ,แบ่งเบา,มหันต,บั่นทอน,ประคับประคอง,ใส่ความ,ขัดจังหวะ,ฝ่าฟัน,กักตัว,บ่อนทำลาย,เยาะเย้ย,วิกลจริต,ฉ้อฉล,ไตร่ตรอง,เกี้ยวพาราสี
138,ฝ่าย,สงคราม,ชัย,รบ,ศึก,ศัตรู,พ่าย,กบฏ,ภารกิจ,ชุมนุม,ยุทธการ,รัฐประหาร,ก่อการ,ประท้วง,รุก,สัมพันธมิตร,ข้าศึก,โจม,ที่มั่น,กิง,สมรภูมิ,สีหนุ,เชลย,กักกัน,ประชิด,เวียด,ลุกฮือ,กองโจร,อักษะ,มินห์,เปิดฉาก,เชลยศึก,เวียดกง
140,ยาง,ปู,ดอกไม้,อบ,กุหลาบ,ไหม,ไผ่,หม้อ,กล้วย,ครัว,หมาก,ปัง,หมู,ปาล์ม,ฝรั่ง,จิก,เถา,มะพร้าว,เห็ด,ฝัก,ตำ,หน่อ,ดอง,ฝ้าย,รีด,ตัก,นึ่ง,ตะกั่ว,ดัด,ขิง,สับ,กาว,ชง,แตง,นวด,กะทิ,จันทน์,อ้อย,เสิร์ฟ,เหง้า,ยาสูบ,สำเร็จรูป,ปี่พาทย์,กะปิ,ฝิ่น,ไถ,มะม่วง,ฝี,เกลี้ยง,มะขาม,คาว,จิ้ม,กาด,สาลี,ไข่มุก,เนื้อไม้,เคี้ยว,โรย,หั่น,สารพัด,หุง,น้ำผึ้ง,มะกอก,ขูด,ชาด,มันฝรั่ง,ข้าวของ,กระทะ,ยัด,เหม็น,นิ่ม,บ่ม,ปิ้ง,ตะเกียง,มะลิ,เมนู,เงาะ,มะนาว,แช่แข็ง,ก๋วยเตี๋ยว,ขบ,ชาม,ช้อน,ยางพารา,ธัญพืช,ถาด,รวง,ชีส,ปลาร้า,ทิวลิป,วุ้น,โถ,น้ำหอม,ฉุน,ทานตะวัน,ข้าวสาร,โปรย,คั้น,หมี่,สำปะหลัง,คลุก,ขมิ้น,กระเทียม,ฟืน,ตะกร้า,ฝาด,ไม้กวาด,หัตถกรรม,สำรับ,ยำ,ปลี,เคี่ยว,นางรม,กะลา,ขนสัตว์,ครก,ขนมจีน,ครั่ง,เช็ด,นุ่งห่ม,เต้าหู้,หม่อน,หว่าน,ใบตอง,ลิสง,พริกไทย,กัญชา,หยอด,ขยี้,ลวก,เสื่อ,หญ้าฝรั่น,สับปะรด,ไส้กรอก,พ่อครัว,รังนก,โยเกิร์ต,ป่น,หน่อไม้,จักสาน,เคล้า,น้ำส้มสายชู,แจกัน,มะละกอ,ตะไคร่,น้ำปลา,มังสวิรัติ,แตงโม,อาหารว่าง,หรับ,น้ำเชื่อม,มังคุด,หมก,อบเชย,ปอก,โกโก้,กิมจิ
142,ขนาด,ดอก,รูปร่าง,กลม,มุม,โค้ง,เสา,กลีบ,สี่เหลี่ยม,ช่อ,หลังคา,วงกลม,สามเหลี่ยม,เหลี่ยม,บาน,คาน,บันได,กางเขน,กระบอก,โดม,หน้าต่าง,แท่ง,ดุม,พุ่ม,กรวย,เพดาน,ระฆัง,แฉก,วงรี,เกลียว,ดอกบัว,พีระมิด,ลิ่ม,จั่ว
143,กำเนิด,ประวัติ,ชื่อเสียง,มากมาย,วัฒนธรรม,เป็นต้น,เอกภพ,ตำนาน,ดั้งเดิม,วรรณกรรม,นักวิชาการ,เครื่องดนตรี,คติ,บรรพบุรุษ,กวี,ร่วมสมัย,ไตร,อารยธรรม,พื้นบ้าน,วรรณคดี,กลอน,โคลง,บทกวี,ศิลป,นิทาน,แบบอย่าง,กาพย์,ปกรณัม,โขน,วีรบุรุษ,ภู่,ชีวประวัติ,นักปราชญ์,อุปรากร,โรแมนติก,ศิลปวัฒนธรรม,ขึ้นชื่อ,ขนบ,อริสโตเติล,จดหมายเหตุ,ฉันท์,นาฏศิลป์,นต,เนิ่นนาน,การละเล่น,เค้าโครง,แบบฉบับ,โครงเรื่อง,ภูมิปัญญา,ปราชญ์,นิราศ,ยุคทอง,ชาดก,กวีนิพนธ์,ลคีน,โศกนาฏกรรม,สมัยนิยม,วิทยานิพนธ์,ท้องเรื่อง,มหรสพ,เทพนิยาย,ร้อยกรอง,เชกสเปียร์,บทเรียน,คีตกวี,รามเกียรติ์,เครื่องสาย,ปรมาจารย์,คราฟท์,อัตชีวประวัติ,ลแตร์,หนังตะลุง,ทั้งเพ,ปรัมปรา,ร้อยแก้ว,บทสนทนา,บันเทิงคดี,นิทัศน์,โวหาร,ฉันทลักษณ์,ขงจื้อ,กิมย้ง,คธูลู,เพลโต,บทกลอน,บัลเลต์,สุภาษิต,เห่,ลิลิต,ลำนำ,กลิ่นอาย,วรรณศิลป์,เสภา
144,พ,เบ,แฮร์,คิว,เลอ,แคน,เซา,แม,กก,เจอร์,สก,บัล,ยล,เนอ,วิล,พารา,นบ,แฟ,สบ,เชอ,ราด,บง,แฟร์,บอน,ลอ,ไจ,อ็อง,เฟอร์,โอบ,วัล,ซัล,วาล,เวล,กัล,มอร์,มิกซ์,มปิก,เพร์,วัติ,คอมป์,เจียน,ชาร์,แบร์,เออ,คัม,แกล,เชสเตอร์,เบอ,บอง,ดิวซ์,เตอ,แบต,นท,เชล,เมท,เคอร์,จิบ,อิซาเบล,นีเซีย,ษฏร,สเต,นด,พิก,แยร์,นอยด์,ม่านตา,จัส,แอ็ตต์แฟ,ทึม,เพา,ฮอล,เมล์,มานซ์,โอก,อนด์,เดลล์,ษฏ,ดอ,สต,สตันวิล,เฮอร์,มัท,นไฟฟ์,คิโยะโมะ,วกีว,บอร์น,แซงค์ทัว,ฏอ,ทัว,ดิเนีย,อเล็กซานด,เฌอ,มันน์,มเบิร์ก,เทอร์เบอ
145,ทูต,เจรจา,อัครราชทูต,เมืองขึ้น,จำนน,อารักขา,บรรณาการ,ไมตรี,สถานทูต,กงสุล,สัมพันธไมตรี,ราชทูต,สถานกงสุล
146,ฤดู,ตุลาคม,มีนาคม,กันยายน,ธันวาคม,เมษายน,พฤศจิกายน,มกราคม,มิถุนายน,พฤษภาคม,สิงหาคม,กรกฎาคม,กุมภาพันธ์
147,ภายหลัง,ราษฎร,กรณี,คดี,ศาล,สิทธิ์,โทษ,ยื่น,ชั่วคราว,คุก,เรียบร้อย,ยุติธรรม,ลงโทษ,นิติบัญญัติ,สอบสวน,อาญา,พิพากษา,นักโทษ,ข้อหา,สืบสวน,ละเมิด,พยาน,ตุลาการ,ผู้พิพากษา,ทุจริต,ฟ้อง,อภิสิทธิ์,เจ้าพนักงาน,เรือนจำ,ศาลฎีกา,แถลงการณ์,เท็จ,ศาลรัฐธรรมนูญ,จำเลย,ฟ้องร้อง,แพ่ง,ล้มละลาย,ไต่สวน,ฎีกา,ผู้ต้องหา,ฝ่าฝืน,ลายลักษณ์,ศาลอาญา,ศาลปกครอง,โมฆะ,พินิจ,ศาลสูงสุด,อุทธรณ์,ญัตติ,นิติกรรม,ร้องเรียน,ศาลอุทธรณ์,หมายจับ,สินบน,นิรโทษกรรม,ผู้เยาว์,พฤติการณ์,ทนาย,ลูกหนี้,ต้องโทษ,ศาลทหาร,โจทก์,เจ้าหนี้,ชี้ขาด,บทลงโทษ,ผู้เสียหาย,ศาลจังหวัด,ลูกขุน,รับผิด,วีซ่า,อนุญาโตตุลาการ,นายทะเบียน,ปากคำ,ยกฟ้อง,คำขาด,ร้องทุกข์
148,ปกติ,ย่อย,ราก,กึ่ง,ฤทธิ์,ใย,เทียม,แบคทีเรีย,ต้าน,ทิน,โซ่,ไข,ปานกลาง,หลั่ง,น้ำนม,นิล,อสุจิ,ดม,เส้นใย,ออกฤทธิ์,เรืองแสง,อะมิโน,ฟอก,จุลินทรีย์,ฉนวน,กลี,สปอร์,ตั้งต้น,ปฏิสนธิ,ปฏิชีวนะ,โซม,ไทรอยด์,เมือก,ลงก์,อิ่มตัว,น้ำลาย,กับดัก,ปรสิต,ปริซึม,พาหะ,น้ำเหลือง,อุจจาระ,ปั๊ม,ไทด์,ระคาย,จีโนม,สังกะสี,บีตา,ตีบ,คอเลสเตอรอล,แคปซูล,ลูกโซ่,อนุมูล,กรัม,ส่วนเกิน,รังไข่,คาร์โบไฮเดรต,สุกร,แอลฟา,สูด,ไอโอดีน,มหายุค,แนปส์,สันดาป,โพแทสเซียม,ตับอ่อน,เหงื่อ,สเต็ม,คลอไรด์,เสพติด,เอทานอล,สเปิร์ม,อินซูลิน,มลภาวะ,หลอดลม,โลนี,เอ็มบริโอ,เจือปน,แมกนีเซียม,หล่อลื่น,แปลกปลอม,คั่ง,ไรด์,นีออน,ออกซิเดชัน,โครเมียม,ฟอสฟอรัส,ฟิวชัน,จุลชีพ,หล่อเลี้ยง,แอมโมเนีย,อยด์,แอนติบอดี,ยีสต์,อัลลีล,อัณฑะ,ลูกหมาก,พโทซิส,ไส้ติ่ง,เพลี้ย,ดื้อ,สารหนู,พลาส,แอนติเจน,ทอก,ฮีโมโกล,เจือจาง,คอยล์,ยูวี,ไดซ์,อไรด์,เกล็ดเลือด,หลอดอาหาร,สิว,นิ่ว,พร่อง,ฟลูออรีน,เด็ง,แคโรทีน,เบต้า,ไฟเบอร์,ฟิลล์,ซีนอน,ซัลไฟด์,นิโคติน,ซัลเฟต,นีน,ม้าม,รอยด์,เซลลูโลส,เสมหะ
149,คือ,หลัก,เชิง,ดังนี้,พื้นฐาน,ดังนั้น,เฉลี่ย,เท่ากับ,ลบ,นิยาม,แปร,สมบัติ,บวก,องศา,สัดส่วน,สุ่ม,หาร,กลศาสตร์,อนุกรม,คงที่,ปรกติ,นิวตัน,ลู่,ดัชนี,สมมติฐาน,จำเพาะ,ปริมาตร,ควอนตัม,หักเห,เรขาคณิต,สุริยคติ,มโน,อนุพันธ์,สมมติ,อนันต์,อุดมคติ,พหุ,วัฏจักร,พลศาสตร์,ลูกบาศก์,สมมุติฐาน,สมมาตร,นามธรรม,สัมพัทธภาพ,ของไหล,มาตร,คงตัว,เบี่ยง,วิบัติ,แปรผัน,แลมบ์,แจง,มูลฐาน,ตรรกะ,เชิงซ้อน,สัมพัทธ์,พีชคณิต,อนุมาน,ตายตัว,ณห,โมเมนตัม,สัมประสิทธิ์,ทวิภาค,ไอน์สไตน์,สัมบูรณ์,วริส,คลุมเครือ,พลวัต,อันตรกิริยา,ผกผัน,บรรทัดฐาน,ปฏิ,แคลคูลัส,ทฤษฏี,คี่,เอาต์พุต,ตรรกศาสตร์,เฉื่อย,เลขคณิต,ฮับเบิล,อุปทาน,เชิงกล,สเกล,แรงดึงดูด,มุมฉาก,แผนภาพ,บูล,นิพจน์,ควาร์ก,สัญกรณ์,ทแยงมุม,จลน์,อุปสงค์,เชิงมุม,ตรรก,พหูพจน์,พารามิเตอร์,ปริพันธ์,สปิน,สัจพจน์,ลอการิทึม,โมเมนต์,ลิมิต,ยเลอร์,เอนโทรปี,สมมูล,คณิต,โพลาไรซ์
150,จอม,นั่นเอง,พิทักษ์,ปาง,ปฐม,นาค,สรรพ,บุรุษ,สมุทร,วิเศษ,นรก,ธาร,หงส์,สิง,แก่น,สถิต,ภพ,หน,ราตรี,มหัศจรรย์,มรณะ,ค้ำ,อมตะ,นิมิต,บังเกิด,จอก,ขุม,หยก,ลาภ,พิภพ,ปาฏิหาริย์,ยุทธ์,พยัคฆ์,ศิรินทร์,สีดา,หนุมาน,ดุจ,จ้าว,เจ้าพ่อ,ริงส์,อวตาร,ขุนศึก,เจ้าแม่,ครุฑ,นางฟ้า,สาคร,วีรกรรม,ลูกแก้ว,ตกทอด,เทวรูป,ร่าย,เทพธิดา,พฤกษา,ดวงใจ,ทศกัณฐ์,พิสดาร,บาดาล,บุปผา,ลิขิต,กัป,เบื้องบน,โคตร,ซาตาน,เบื้องหน้า,สิ่งศักดิ์สิทธิ์,ทวย,ขลัง,อาถรรพ์,เนรมิต,พราย,ประทีป,อุษา,ไททัน,สถิตย์,เลื่อง,จุติ,ธรรมจักร,สุญ,กัณฑ์,สรวง,ทะยาน,อภินิหาร,ภูติ,อวสาน,ซูส,กระจกเงา,ศาสตรา,อิทธิฤทธิ์,กวนอิม,สาง,ยุทธหัตถี,อาภรณ์,นาร์เนีย,ราชครู,ตื้อ,ทวด,อัปสร,นิทรา,ประดุจ,สะท้าน,เทวทูต,เซ่น,เปรต,มัจฉา,อรชุน,ดาวดึงส์,นางกำนัล,เบญจ,ราชสีห์,โทสะ,ผอง,สุบิน,สวาท,ใหล,ปฐพี,ไม้กางเขน,พริบตา,เจ้าที่,ยมโลก,กริช,อาชา,เมขลา,บุษบก,วายุ,สุขาวดี,สยอง,เทพยดา,โอลิมปัส,ผู้วิเศษ,ประหนึ่ง,จำแลง,นัต,เทพบุตร,ศิรินทราวาส,นาคราช,วิญญาน,มหาพรหม,รดิ์,โอ้โฮ,เฮะ,อพอลโล,ลมาริล,ซ่าน,มนตร์,หมอผี,มหากาฬ,ภยันตราย,คงกระพัน,ลมปราณ,มหาเทพ,ไตรภูมิ,พยาบาท
151,เก่า,โบราณ,อยุธยา,รัชกาล,รัช,สุโขทัย,รุ่งเรือง,รัตนโกสินทร์,พุทธกาล,ทวารวดี
152,แบบ,สำหรับ,ระบบ,ใช้งาน,คอมพิวเตอร์,มาตรฐาน,โปรแกรม,รหัส,ไซต์,เพิ่มเติม,เครือข่าย,อินเทอร์เน็ต,ประยุกต์,โทรศัพท์,ซอฟต์แวร์,สารสนเทศ,ดาวเทียม,อิเล็กทรอนิกส์,อัตโนมัติ,ดิจิตอล,เวอร์ชัน,ออนไลน์,ข่าย,ไฟล์,วิกิพีเดีย,ต้นแบบ,เกียร์,ห้องสมุด,บล็อก,โหมด,มือถือ,แอปเปิล,ดาวน์โหลด,มีเดีย,โมเดล,แชร์,ดิจิทัล,เคเบิล,ไมโคร,เครื่องเล่น,สิทธิบัตร,กราฟิก,วินโดวส์,ลิงก์,โอเพน,กูเกิล,เซิร์ฟเวอร์,คลาส,ไมโครซอฟท์,สเตชัน,แพ็ค,โพรโทคอล,ตัวถัง,วิกิ,แอปพลิเคชัน,โค้ด,เฟรม,เพจ,เล็ต,โหลด,คู่มือ,ฮาร์ดแวร์,เบราว์เซอร์,นินเทนโด,แอนดรอยด์,มัลติ,อีเมล,ซอร์ส,ดีไซน์,ใบรับรอง,แพลตฟอร์ม,แท็บ,แฟ้ม,เซ็ต,นำร่อง,กราฟิกส์,ไอซี,ไดรฟ์,เอนจิน,โมดูล,สคริปต์,จาวา,สวิตช์,อัปเดต,บลูทูธ,สวิตซ์,ธุรกรรม,ดิสก์,โปรเซสเซอร์,ลินุกซ์,คอนโซล,นเท็น,อัปโหลด,เราเตอร์,แอนะล็อก,ไลบรารี,ยูนิกซ์,สไตรเกอร์
153,เดินทาง,ย้าย,เสด็จ,หนี,อพยพ,ลี้ภัย,มุ่งหน้า
154,รูป,ไม้,ทอง,หิน,แผ่น,บรรจุ,เหล็ก,โลหะ,ประดับ,ผนัง,ตกแต่ง,ทองคำ,จารึก,รูปทรง,โครง,สลัก,ทับ,แกะ,ปั้น,กระจก,ฝา,หล่อ,กระดาษ,ลวดลาย,ตู้,ศิลา,สิ่งของ,อิฐ,ปูน,ทองแดง,ห่อ,คอนกรีต,พลาสติก,เคลือบ,มุง,ภาชนะ,เครื่องประดับ,หีบ,กระเบื้อง,ปูนปั้น,อัญมณี,ครอบ,หินอ่อน,พรม,สำริด,ทาสี,ดีบุก,ขนาบ,หินทราย,กษาปณ์,อะลูมิเนียม,ศิลาแลง,ฉาบ,ทองเหลือง,เหล็กกล้า,ผ้าใบ,ขี้ผึ้ง,บางๆ,จำหลัก,แม่พิมพ์,ดินสอ,โมเสก,ฉลุ,พระพิมพ์,ลงรัก,ผอบ
155,พันธุ์,แหล่ง,ป่า,สภาพ,ธรรมชาติ,พืช,ประชากร,เติบ,ปลูก,ต้นไม้,ซาก,จืด,อุดม,หญ้า,ผืน,แวดล้อม,เนื้อที่,ไร่,ภูมิอากาศ,ชื้น,ภูมิประเทศ,นิเวศ,พรรณ,สงวน,ป่าไม้,เพาะปลูก,ปะการัง,ร่องรอย,ดึกดำบรรพ์,ทึบ,สาหร่าย,กล้วยไม้,ยืนต้น,เลื้อย,ป่าดิบ,สัณฐาน,ฟอสซิล,ชุ่ม,กร่อย,โล่ง,หม้อแกง,ล้มลุก,ป่าชายเลน,พรุ,ทำเล,ชุกชุม,ร่มรื่น,วัชพืช,พุ่มไม้,รกร้าง,ชุ่มชื้น,ป่าดงดิบ,แฉะ,ถาง,พืชพันธุ์,ป่าเบญจพรรณ
156,ตระกูล,มณฑล,แคว้น,เชื้อสาย,ขุนนาง,ยศ,ประมุข,ผู้ปกครอง,ดยุก,รัชทายาท,อัคร,เจ้านาย,แกรนด์,ดยุค,ทายาท,บรรดาศักดิ์,สุลต่าน,เสนาบดี,บาทหลวง,ข้าหลวง,พระชายา,มกุฎราชกุมาร,ราชธานี,ฐานันดร,อธิการ,ราชสกุล,สามัญชน,มิสซัง,นครรัฐ,ประเทศราช,ศักดินา,ฟาโรห์,อุปราช,ดัช,ชอป,ดัชเชส,เอิร์ล,ดินัล,บิดร,เคานท์,เคานต์
159,ถิ่น,ครรภ์,บ้านเรือน,ข้อสังเกต,รกราก,หลักแหล่ง
161,กว่า,ด้าน,สี,ข้าง,แนว,ลำ,พื้น,ผิว,ลาย,สีน้ำ,เล็กน้อย,น้ำหนัก,ขอบ,แข็ง,แบน,สัมผัส,ราบ,ทอด,หนา,เรียบ,ขีด,ลาด,ปกคลุม,เงา,เอียง,จรด,พาด,นูน,เว้า,ริ้ว,นุ่ม,ดิ่ง,กึ่งกลาง,หยาบ,เตี้ย,เรียงตัว,มุด,ตึง,หยัก,เหยียด,ลื่น,วาว,ย่น,ขรุขระ,บุ๋ม
162,ปลา,สัตว์,ลูก,นก,ไข่,ช้าง,ยักษ์,ลิง,งู,ตัวผู้,ฝูง,เสือ,ตัวเมีย,เหยื่อ,สุนัข,แมลง,หนู,เต่า,แมว,วัว,ไก่,สิงโต,มด,กวาง,กุ้ง,หมึก,หมา,ไดโนเสาร์,กระต่าย,กบ,หนอน,วาฬ,แรด,จระเข้,หมี,ควาย,เป็ด,นาก,แมง,ผีเสื้อ,โลมา,หมาป่า,ค้างคาว,ผึ้ง,เหยี่ยว,แมงมุม,เพนกวิน,ยุง,แพะ,กิ้งก่า,เสือโคร่ง,กระรอก,แร้ง,กระซู่,เสือดาว,ชะมด,ตะพาบ,แพนด้า,ค่าง,ชะนี,จิงโจ้
167,ภาพยนตร์,ละคร,เกม,การ์ตูน,เรื่องราว,หนัง,เมะ,เนื้อเรื่อง,ซีรีส์,นวนิยาย,นิยาย,ตลก,ละครใน,ผจญ,แอนิเมชัน,แฟนตาซี,เรื่องสั้น,บทประพันธ์,สารคดี,มังงะ,สยองขวัญ,ดราม่า,ละครเพลง
169,ต้น,ปลาย,เคียง,ล่าง,ค่อน,ชิด
171,ชาว,ศาสนา,นิกาย,นับถือ,ลัทธิ,คาทอลิก,คริสตจักร,นักบวช,ศาสนจักร,โปรเตสแตนต์,ศาสนิกชน
180,ตั้ง,ใต้,บน,กลาง,เหนือ,อาศัย,นอก,ห่าง,ไกล,ริม,แกมมา,รอบๆ,ปีแสง
182,ของ,ชีวิต,อัน,แท้,บรรดา,จิต,ล้วน,ทั้งหลาย,ชีพ,จิตใจ,ย่อม,เสมือน,ก้าว,ปัญญา,แสวง,บ้านเมือง,เลิศ,มั่น,ทั้งปวง,รู้ความ,สำนึก,คุณธรรม,สมาธิ,ประพฤติ,พอสมควร,พึง,เล็ง,ตราบ,หนทาง,ประจักษ์,มิตรภาพ,สติปัญญา,ใคร่,เอกภาพ,ยึดถือ,มนุษยชาติ,กิเลส,กาม,บริบูรณ์,น้อม,เพียร,เปี่ยม,หลุดพ้น,ยึดมั่น,สัมฤทธิ์,วิถีทาง,ช้านาน,อายุขัย,ธำรง,ล้ำ,ปณิธาน,สุจริต,ทำนุ,ที่พึ่ง,ส่วนรวม,ยิ่งนัก,จารีต,ใฝ่,น้ำใจ,หน่าย,ศักดิ์ศรี,วิสัย,บำเหน็จ,นิรันดร์,เจตนารมณ์,สูงส่ง,ปึกแผ่น,เพิ่มพูน,ปลูกฝัง,สังขาร,สำแดง,ยึดเหนี่ยว,เลื่องลือ,ล่วงลับ,รุ่งโรจน์,วิสัยทัศน์,สันติสุข,ทั้งมวล,มานะ,พสกนิกร,ยืนหยัด,มารยาท,ร่วมใจ,หนักแน่น,กระจ่าง,มุ่งหวัง,หลงผิด,สั่งสม,ปัจเจกบุคคล,บุญคุณ,ประสิทธิผล,โหย,วิปริต,นิติภาวะ,เกลา,สันโดษ,ทัดเทียม,ถก,พันธกิจ,ยากไร้,ตัณหา,เที่ยงตรง,โสมนัส,อัตตา,แน่วแน่,อุตสาหะ,เพ่ง,ปีติ,สัจจะ,แตกฉาน,สัญชาตญาณ,มูลเหตุ,หยั่ง,กอปร,ลุล่วง,ร่มเย็น,มลทิน,ภายหน้า,เกื้อ,เทิดทูน,รู้แจ้ง,ปฏิปทา,คุณูปการ,วิริยะ,เอตทัคคะ,สันดาน,ตอกย้ำ,เพียบพร้อม,เจตจำนง,เด็ดเดี่ยว,วาสนา,ลี้ลับ,ป่าเถื่อน,จรรยา,เลือดเนื้อ,สงัด,เอาจริง,ทิฐิ,สมถะ,ยำเกรง,วิปลาส,แข็งกร้าว,อดีตชาติ,ปัตย์,เวทนา,วาทะ,เยือกเย็น,อัจฉริยภาพ
183,โลก,ที่สุด,ดาว,รอบ,ดวง,ประมาณ,จักร,ระยะ,ดาวฤกษ์,ดาวเคราะห์,ศูนย์กลาง,สว่าง,ครึ่ง,กระจุก,โคจร,เมฆ,สุริยะ,โนวา,แคระ,เสาร์,เนบิวลา,อังคาร,ดาวหาง,รัศมี,คาบ,ห้วง,ศุกร์,บริวาร,พฤหัสบดี,วงแหวน,พุธ,มวลสาร,เนปจูน,ราศี,ยูเรนัส,สุริยุปราคา,รัลแลกซ์,ละติจูด,พลูโต,นักษัตร,พัลซาร์,อุปราคา,จันทรุปราคา
186,กำลัง,อากาศ,ฐาน,อาวุธ,บก,ปฏิบัติการ,ปืน,ถัง,ติดตั้ง,ประจำการ,กระสุน,ปืนใหญ่,สูท,บรรทุก,จรวด,ซ่อม,เป้า,เรือรบ,ขีปนาวุธ,ลูกเรือ,กองพล,เสบียง,พิสัย,พาหนะ,กองพัน,สมรรถนะ,แนวหน้า,ยุทธวิธี,ดีเซล,ราชนาวี,ยนต์,ปืนกล,ประจัญบาน,เรือดำน้ำ,แนวรบ,นาวิกโยธิน,เรือหลวง,ไรเฟิล,ลาดตระเวน,รถจักร,ปืนเล็กยาว,ลำกล้อง,ใบพัด,ระวาง,กระสุนปืน,นาวี,กราด,ยุทโธปกรณ์,ยานเกราะ,ดินปืน,พลร่ม,สอดแนม,ทุ่น,กะลาสี,กองหนุน,คาบศิลา,กองร้อย,ตอร์ปิโด,ปืนพก,สัมภาระ,เรือพิฆาต,อิเลคทรอนิก,ยุทธภัณฑ์
187,มือ,ม้า,ดาบ,มังกร,กล,มีด,หุ่น,คาถา,ธนู,กระบี่,หมัด,กระบวน,โล่,หอก,ศร,ทวน,ไม้ตาย,เปลว,ค้อน,ยันต์,ขวาน,สายฟ้า,ด้าม,อานุภาพ,เครื่องราง,อาคม,เคล็ด,คทา,กรงเล็บ,กระบอง,สะบัด,กายสิทธิ์,ไม้เท้า,ง้าว
188,ข้อมูล,หนังสือ,พิมพ์,ข่าว,เว็บ,เผยแพร่,สื่อ,นิตยสาร,บทความ,โฆษณา,ข้อความ,หนังสือพิมพ์,เอกสาร,จดหมาย,ลิขสิทธิ์,สำนักพิมพ์,ซีดี,ต้นฉบับ,เทป,บัตร,ลอก,วารสาร,ภาพถ่าย,ไปรษณีย์,แสตมป์,ดีวีดี,ข่าวสาร,สมุด,ราชกิจจานุเบกษา,คอลัมน์,โพสต์,รูปภาพ,พินัยกรรม,คลิป,ธนบัตร,สิ่งพิมพ์,ทูบ,สำเนา,สาส์น,ลายมือ,เฟซบุ๊ก,วีดิทัศน์,ทวิตเตอร์
189,เธอ,ชาย,นาง,แม่,บุตร,สาว,ครอบครัว,พ่อ,คุณ,เพื่อน,มารดา,พี่,น้อง,ภรรยา,พี่น้อง,สนิท,ญาติ,หลาน,ลูกชาย,ลูกสาว,ข้า,สามี,ศิษย์,เลี้ยงดู,หม่อม,ลูกศิษย์,ลุง,คุณหญิง,ยาย,ปู่,เศรษฐี,บุญธรรม,ลูกหลาน,ลูกน้อง,สหาย,ป้า,เฒ่า,บุตรี,ฝาแฝด,ภริยา,โยม,พี่เลี้ยง,ลูกพี่,น้า,เจ้าสาว,เขย,คู่หมั้น,หม้าย,แท้ๆ,บ่าว,สะใภ้
190,จับ,ล่า,ฆ่า,ทิ้ง,สังหาร,หลบ,ฝัง,ซ่อน,ทำร้าย,ขัง,จับกุม,ขโมย,ปลอม,หลอก,ฆาตกรรม,ลักพา,กักขัง
193,เมือง,จังหวัด,เขต,บริเวณ,พื้นที่,อำเภอ,เกาะ,ตำบล,แม่น้ำ,ทะเล,ทิศ,แถบ,ย่าน,ฝั่ง,คลอง,หมู่บ้าน,อาณาเขต,มหาสมุทร,ชายฝั่ง,อุทยาน,ภูเขา,ทุ่ง,ลุ่ม,ท้องที่,หาด,แขวง,อ่าว,ทะเลสาบ,ถ้ำ,ห้วย,เนิน,คาบสมุทร,ดอย,น้ำตก,เขื่อน,พรมแดน,บึง,เมืองท่า,ทิว,หุบเขา,ทะเลทราย,แอ่ง,ช่องแคบ,ลุ่มน้ำ,ลำธาร,หน้าผา,ตลิ่ง,ช่องเขา
195,สุ,อุ,รม,รัต,วน,ยุ,สา,จัน,แล,ปะ,ภา,ลุ,ปุ,พุ,มน,เส,ชะ,ทุ,ตุ,ดุ,ดุล,สัต,ยม,สรร,สู,บาล,คลา,ครา,มัย,ปริ,ลัก,อัต,ลัง,ตรม,ถา,วัต,เฮีย,ไช,นที,ทัศ,บาย,อธิ,วก,จร,หะ,ปง,ประภา,โสม,เข,ครุ,สำ,คาม,ตานี,วาท,แส,แง,เถลิง,นาคา,ธารา,อึ,เท่,กลา,หลา,เยา,วาร,สัจ,เจือ,พณิช,แข,สุต,ส่า,ทบ,คุป,ประจัน,บัด,ดล,คุปต์,เหม,วัก,กม,พร้า,ว้า,ฤต,เอ้,ปราณี,ถวัล,ทิต,คล้า,พลอ,วาม,ฮุด,หรา,โฉ่,สวาง,คุต,อิสิ,อสุ,เหว่
196,แก่,ช่วย,ประกาศ,ขอ,เสนอ,สั่ง,ช่วยเหลือ,ยอม,บังคับ,มอบ,ปฏิเสธ,แนะนำ,แจ้ง,เรียกร้อง,คุ้มครอง,เตือน,รับใช้,บริจาค,กราบ,อุทิศ,อุปถัมภ์,ฝาก,สัมภาษณ์,ปรึกษา,ประทาน,ท้า,วางใจ,รับสั่ง,ร้องขอ,กำลังใจ,ยินยอม,ขอร้อง,บัญชา,สั่งสอน,สาป,สาบาน,อธิษฐาน,สารภาพ,ว่าจ้าง,ปฏิญาณ,ขอบคุณ,อุปการะ,สัตย์,ขอโทษ,เกลี้ยกล่อม,อภัยโทษ,รับทราบ,โน้มน้าว,อวยพร,สัตยาบัน,ยุยง,อ้อนวอน,สั่งเสีย,เชื้อเชิญ
197,เรือ,รถ,บิน,อวกาศ,เครื่องบิน,อากาศยาน,ยาน,รถยนต์,เครื่องยนต์,ผู้โดยสาร,จอด,นักบิน,ยานอวกาศ,เฮลิคอปเตอร์,ยานพาหนะ,กระสวย,รถบรรทุก
199,ชน,อเมริกัน,คริสต์,โรมัน,ไท,กรีก,เผ่า,อิสลาม,พื้นเมือง,ยิว,มุสลิม,ละติน,ทิเบต,ชวา,เปอร์เซีย,มลายู,มองโกล,นอร์,ฮินดู,สันสกฤต,ฮีบรู,โลน,สลา,ข่า,ครูเสด,ไบแซนไทน์,มายา,เซมิ,ทมิฬ,ซิมส์,กะเหรี่ยง,แมนจู,รงค์,มาเลย์,ปวง,แอฟริกัน,เติร์ก,ไอริช,อารบิก,อาหม,ลาติน,อต,งโกล,ยะไข่,จันทรคราส,ม้ง,แฟรงก์,อิตาเลียน,ฮอลันดา,บาหลี,มัวร์,เดนส์,เคลต์,สิงหล,อินเดียนแดง,เม็กซิกัน,จ้วง,เบงกาลี,เมโสโปเตเมีย,ฮีน,อุยกูร์,นอร์ส,เคิร์ด,ตากาล็อก,ธิเบต,ลดอร์,อารยัน,นูเมนอร์,สก็อต,แคะ,บาสก์,ลัวะ
